C_ID,SCHL,Region,Division,School_size,Urbanicity,T1,T2,T3,T3a,T4,T5_1,T5_2,T5_3,T5_4,T5_4a,T6_1,T6_2,T6_3,T7,T8_1,T8_2,T8_3,T8_4,T8_5,T8_6,T8_7,T8_8,T9_1,T9_2,T9_3,T9_4,T9_5,T9_6,T9_7,T9_8,T9_8a,T10,T11,T11a,T12,T13_1,T13_2,T13_3,T13_4,T13_5,T13_6,T13_6a,T14_1,T14_2,T14_3,T14_4,T14_5,T14_6,T14_6a,T15_1,T15_2,T15_3,T15_4,T15_5,T15_6,T15_7,T15_8,T15_9,T15_10,T15_10a,T16_1,T16_2,T16_3,T16_4,T16_5,T16_6,T16_7,T16_8,T16_9,T16_9a,T17_1,T17_2,T17_3,T17_4,T17_5,T17_6,T17_7,T17_7a,T18,T19_1,T19_2,T19_3,T19_4,T19_5,T19_6,T19_7,T19_7a,T20_1,T20_2,T20_3,T20_4,T20_5,T20_6,T20_6a,T21_1,T21_2,T21_3,T21_4,T21_5,T21_6,T21_6a,T22_1,T22_2,T22_3,T22_4,T22_5,T22_6,T22_6a,T23,T24,T25_1,T25_2,T25_3,T25_4,T25_5,T25_6,T25_6a,T26_Original,T26_Recode,T27,T28,T29_1_1,T29_1_2,T29_1_3,T29_1_4,T29_2_1,T29_2_2,T29_2_3,T29_2_4,T29_3_1,T29_3_2,T29_3_3,T29_3_4,T29_4_1,T29_4_1a,T29_4_2,T29_4_2a,T29_4_3,T29_4_3a,T29_4_4,T29_4_4a,T30,T_Coder
1,101,4,8,3,1,50,1,5, ,11,1,1,0,0, ,1,1,1,3,3,2,1,1,2,3,2,2,1,1,0,1,1,0,0,0, ,1,1, ,1,1,1,0,0,0,0, ,1,0,0,1,1,0, ,0,1,0,1,0,0,1,1,0,0, ,1,1,1,0,1,0,0,0,0, ,0,0,0,0,0,0,1,"Classes to small and danger of cancellation, our college is currently undergoing major changes in structure and organization. We have had 3 provost in that many years. We are trying to get a hold of our SLO formats and it changes fairly regularly. This is a major challenge at this time: Reporting data for SLOs.",2,1,1,1,0,0,0,1,publisher training,1,0,1,0,0,0, ,0,1,0,1,0,0, ,0,0,1,1,1,0, ,21,1,0,1,1,0,0,0, ,4,4,1,0,0,0,1,0,0,0,0,0,0,0,0,0,0, ,0, ,1,ESL,0, , ,1
4,101,4,8,3,1,60,1,5, ,13,1,0,0,0, ,3,4,1,3,3,2,2,1,2,2,2,2,1,0,0,1,1,1,1,1,Desire to travel to Italy,2,1,Communication,2,0,1,0,0,1,0, ,1,0,0,1,1,1,Profession ($$),0,0,0,0,0,0,0,0,0,1,my own method,1,1,1,1,1,1,1,1,0, ,0,1,1,0,0,0,1,The sufficient funds for teachers.,3,1,1,1,1,1,1,0, ,0,1,0,0,0,0, ,1,0,0,1,0,1,"Ph.D, MA, BA",0,0,0,0,0,1,"Paid ""trainings""",7,2,0,1,1,1,0,1,www.tucsanitalian.com,1,1,0,0,0,0,0,0,0,0,0,1,0,0,0,0,0, ,1,BA Latin American Studies,1,MA Latin American Studies,0, , ,2
2,102,1,2,3,1,60,1,5, ,28,1,0,0,0, ,4,1,1,2,1,1,1,1,1,1,1,1,1,0,0,1,1,0,1,0, ,1,1, ,1,1,1,1,0,0,0, ,1,1,1,1,1,0, ,1,1,0,0,0,0,0,1,0,0, ,1,1,0,0,1,0,1,1,0, ,0,0,0,0,1,0,0, ,1,1,1,0,0,1,1,0, ,1,1,0,0,0,0, ,1,0,0,1,0,0, ,1,1,1,0,1,0, ,11,1,0,1,0,0,0,0, ,5,5,1,0,0,1,1,1,1,0,0,0,0,0,0,0,0, ,0, ,0, ,0, , ,3
9,102,1,2,3,1,60,1,5, ,-1,1,1,0,0, ,4,4,3,3,2,1,1,1,2,3,2,2,1,1,0,0,0,0,0,0, ,1,1, ,1,1,1,0,0,0,0, ,0,0,1,1,1,0, ,0,1,0,0,0,0,0,0,0,0, ,0,1,0,0,1,0,1,1,0, ,0,0,0,0,1,1,0, ,3,1,0,0,0,1,0,0, ,1,1,0,0,0,0, ,0,0,0,1,0,0, ,0,0,1,1,0,0, ,6,1,0,1,0,0,0,0, ,3-4,3.5,0,0,0,1,1,1,0,0,0,0,0,0,0,0,0, ,0, ,0, ,0, , ,3
153,102,1,2,3,1,100,1,5, ,21,1,0,0,0, ,4,3,1,1,1,1,1,1,2,2,1,2,1,0,1,1,0,1,1,0, ,1,1,Culture of Spanish speakers countries,1,1,1,0,0,0,1,Online lab exercises,1,1,0,1,1,0, ,0,1,0,0,0,0,0,1,0,0, ,0,1,0,1,1,1,1,1,0, ,0,0,0,1,0,0,0, ,2,1,1,1,0,0,0,0, ,0,1,0,0,0,1,Schedule conflicts,0,0,0,1,0,1,workshop in the use of technology,1,1,1,1,1,0, ,5,2,0,0,0,0,0,1,tutor and teach individuals,3,3,0,0,0,0,0,0,0,0,0,0,0,0,0,0,0, ,1, ,1,M.A.,0, , ,4
3,103,4,9,3,2,30,1,5, ,24,1,0,0,0, ,1,2,1,2,1,1,1,1,2,2,2,2,1,1,1,1,1,1,1,0, ,1,1, ,2,1,1,1,1,1,0, ,1,1,1,1,1,0, ,1,1,1,1,0,0,1,1,0,0, ,0,1,1,0,0,0,0,0,0, ,0,0,0,1,0,1,1,Lack of academic support outside classroom,3,1,0,0,0,1,0,0, ,1,0,1,0,1,0, ,1,0,0,0,0,0, ,0,1,0,0,1,0, ,26,1,0,0,0,0,0,1,I taught English in two universities in China.,3,3,0,0,0,1,0,0,0,0,1,0,0,0,0,0,0, ,0, ,0, ,0, , ,4
92,103,4,9,3,2,40,1,5, ,22,1,0,0,0, ,2,2,2,-1,2,1,1,1,2,1,2,2,0,1,0,1,1,1,0,0, ,1,1, ,1,1,1,1,1,1,0, ,1,0,1,1,0,0, ,1,1,1,0,0,0,0,0,0,0, ,1,0,0,1,0,1,1,1,0, ,0,0,0,0,1,0,0, ,2,1,1,0,0,0,0,0, ,0,1,0,0,0,0, ,1,0,0,1,0,0, ,0,1,1,1,1,0, ,11,2,1,0,0,0,0,0, ,03-04,3.5,0,1,0,0,1,0,0,0,1,0,0,0,0,0,0, ,0, ,0, ,0, , ,4
5,104,3,7,3,1,100,9,5, ,25,1,1,1,0, ,4,2,1,1,3,2,1,1,2,3,2,2,1,0,1,1,0,1,0,0, ,1,1, ,2,1,1,0,0,0,0, ,1,0,0,1,1,0, ,1,0,1,0,0,0,1,0,1,0, ,1,1,0,0,0,0,0,0,0, ,0,0,1,0,0,0,0, ,2,1,1,0,0,1,0,0, ,0,1,1,0,0,0, ,0,0,0,1,0,0, ,0,1,0,0,0,0, ,18,1,1,1,0,1,0,0, ,8,8,0,1,0,0,1,0,0,0,0,0,0,0,0,1,0, ,0, ,0, ,0, , ,1
13,104,3,7,3,1,100,2,5, ,20,1,0,0,0, ,3,1,1,2,3,1,1,1,3,3,3,3,0,1,0,0,0,0,0,0, ,1,1, ,1,1,0,0,0,0,0, ,1,0,0,0,0,0, ,0,1,1,0,0,0,1,0,0,0, ,1,1,0,0,0,0,0,0,0, ,0,0,0,0,0,0,1,none of these,3,1,0,0,0,0,0,0, ,0,1,0,0,0,0, ,1,1,0,0,0,0, ,1,0,1,0,0,0, ,-1,-1,-1,-1,-1,-1,-1,-1, ,-1,-1,-1,-1,-1,-1,-1,-1,-1,-1,-1,-1,-1,-1,-1,-1,-1, ,-1, ,-1, ,-1, , ,3
33,104,3,7,3,1,70,2,5, ,12,1,0,0,0, ,1,4,1,2,3,2,1,1,3,3,1,3,0,0,0,0,1,0,0,0, ,2,1, ,-1,1,1,0,1,0,0, ,1,1,0,1,1,0, ,0,1,1,0,0,0,0,1,0,0, ,0,0,1,0,0,0,1,0,0, ,0,0,0,0,1,0,0, ,1,1,0,1,0,1,0,0, ,0,0,0,0,1,0, ,1,1,0,1,0,0, ,0,1,1,1,0,0, ,14,2,1,0,1,1,0,0, ,9 courses,9,0,1,0,0,0,0,0,0,1,0,1,1,1,0,0, ,0, ,0, ,0, , ,1
66,104,3,7,3,1,100,2,5, ,18,1,0,0,0, ,3,1,2,1,1,2,1,1,1,1,2,1,1,0,0,1,0,0,0,1,to communicate & meet new people,1,1, ,2,1,1,0,0,0,0, ,1,1,0,1,1,0, ,0,1,0,1,0,0,0,0,0,0, ,0,0,0,0,0,0,1,0,0, ,1,1,0,1,0,0,0, ,1,1,1,0,0,0,0,0, ,1,1,0,0,0,0, ,0,0,0,1,0,0, ,1,1,0,0,1,0, ,18,1,0,1,0,0,0,0, ,4,4,0,0,0,1,1,0,0,0,0,0,0,0,0,0,0, ,0, ,0, ,0, , ,4
74,104,3,7,3,1,100,1,5, ,-1,1,0,0,0, ,4,1,1,1,1,2,1,1,2,2,2,2,1,0,1,1,0,1,1,0, ,1,1, ,1,1,1,0,0,0,0, ,1,0,0,1,1,0, ,0,1,0,0,0,0,0,0,0,0, ,0,1,0,0,0,0,1,0,0, ,0,0,0,0,1,1,0, ,2,1,1,0,0,0,0,0, ,1,1,0,0,0,0, ,0,0,0,1,0,1,Pedagogy + language learning coursework,0,0,1,0,0,0, ,35,1,0,1,0,0,0,0, ,4,4,0,0,0,0,1,0,0,0,0,0,0,0,0,0,0, ,0, ,0, ,0, , ,2
102,104,3,7,3,1,50,1,5, ,21,1,0,0,0, ,4,4,1,3,3,2,1,1,3,1,2,2,1,0,1,1,1,0,1,0, ,1,1, ,1,1,1,0,0,0,0, ,1,1,1,1,1,0, ,0,1,0,0,0,0,1,1,0,0, ,0,0,0,0,1,0,0,0,0, ,0,0,0,0,0,0,1,Poor scheduling of courses,1,0,1,1,0,0,0,0, ,0,0,0,0,1,0, ,0,1,0,1,0,1,PHD in German studies,0,0,1,0,1,0, ,5,2,0,1,1,0,0,0, ,5,5,0,0,0,1,1,1,0,0,0,0,0,0,0,0,0, ,0, ,0, ,0, , ,1
146,104,3,7,3,1,100,1,5, ,35,1,1,0,0, ,1,4,1,1,1,2,1,1,3,3,1,2,0,1,0,1,0,0,0,0, ,1,1, ,2,1,0,0,0,1,0, ,1,0,1,1,1,0, ,1,1,1,1,0,0,0,1,0,0, ,1,1,1,0,0,0,0,0,0, ,1,0,0,1,1,0,0, ,2,1,0,1,0,0,0,0, ,0,1,0,0,0,0, ,1,1,0,1,0,1,Masters in Teaching Spanish,0,1,1,0,1,0, ,12,2,0,1,1,0,0,0, ,6,6,0,0,0,0,0,0,0,0,1,0,0,1,0,0,0, ,0, ,0, ,0, , ,2
17,114,2,4,2,4,100,1,5, ,27,1,1,0,0, ,3,2,1,3,3,2,1,1,2,3,2,2,0,1,1,1,0,0,0,0, ,1,1, ,2,1,1,0,0,0,0, ,1,0,0,1,1,1,"culture, global citizenship",1,1,1,1,0,0,0,0,0,1,Active learning,1,1,0,1,0,0,0,0,0, ,1,0,1,0,0,1,0, ,2,1,0,0,0,0,0,0, ,1,0,0,0,0,0, ,1,1,0,1,0,0, ,-1,-1,-1,-1,-1,-1, ,17,2,0,0,1,0,0,0, ,3,3,0,0,0,0,0,0,0,0,1,0,0,1,0,0,0, ,0, ,0, ,0, , ,4
149,114,2,4,2,4,100,2,5, ,12,1,0,0,0, ,2,4,1,2,1,3,1,1,2,1,2,2,0,1,0,1,0,0,1,0, ,2,1, ,1,1,1,1,1,0,0, ,1,0,0,0,0,0, ,0,1,0,0,0,0,0,0,0,0, ,1,0,1,1,0,1,0,0,0, ,1,0,0,0,0,0,0, ,1,0,0,0,0,1,0,0, ,0,1,0,0,0,0, ,1,0,0,0,0,0, ,0,1,0,1,0,0, ,11,2,0,1,0,0,0,0, ,2 or 3,2.5,0,0,0,0,0,0,0,0,0,0,0,0,0,1,0, ,0, ,0, ,0, , ,1
152,114,2,4,2,4,100,1,5, ,19,1,0,0,0, ,4,1,1,2,1,1,1,1,2,1,2,1,1,1,0,1,1,1,0,0, ,1,1, ,1,1,1,0,0,0,0, ,1,0,0,1,0,1,it is my career.,0,1,0,0,0,0,0,0,0,0, ,0,0,1,1,0,0,1,0,0, ,0,0,1,0,0,0,0, ,3,1,0,0,0,0,0,0, ,1,1,0,0,0,0, ,1,0,0,0,0,1,Master degree,0,0,1,0,0,0, ,7,2,0,1,0,0,0,0, ,1 to 2,1.5,0,0,0,0,0,0,0,0,1,0,0,0,1,0,0, ,0, ,0, ,0, ,I am Latin American & I have traveled to many LA countries. Our courses also include writing and reading activities. We also present some cultural facts and we focused in one country per semester,1
18,115,3,5,3,2,40,1,5, ,12,1,0,0,0, ,3,1,1,3,3,1,1,1,2,1,2,2,1,1,1,1,1,1,1,0, ,1,1, ,2,1,0,0,0,0,0, ,1,0,0,1,1,0, ,0,1,0,0,0,0,1,1,0,0, ,1,1,0,0,1,0,1,1,0, ,1,1,0,1,0,0,0, ,3,1,1,0,0,1,0,0, ,1,1,0,0,0,0, ,0,0,0,0,1,0, ,1,1,1,1,1,0, ,4,2,1,1,1,0,0,0, ,3,3,0,0,0,1,1,0,0,0,0,0,0,1,0,0,0, ,0, ,0, ,0, , ,2
27,115,3,5,3,2,100,1,4,Beg Spanish 2,25,1,0,0,0, ,2,1,1,1,1,1,1,1,2,2,1,3,1,1,1,1,0,1,0,0, ,1,3,both,1,1,1,0,0,0,0, ,1,1,0,1,1,1,I was born to teach and learn just like my students,0,1,1,1,0,0,0,0,0,1,whatever works!,0,1,0,0,1,0,1,0,0, ,1,0,0,0,0,0,0, ,1,1,1,0,0,1,1,0, ,0,1,0,0,0,0, ,0,0,0,1,0,1,Academic Service Learning,0,0,1,1,0,0, ,18,1,0,1,1,1,0,0, ,6,6,-1,0,0,0,1,0,0,1,0,0,0,1,0,0,0, ,0, ,0, ,0, ,I am the coordinator of Academic Service Learning for my camppus and I can speak on the advantage of giving back. I take students to other countries to do study Abroad + academic service and it is amazing how students are transformed.,3
150,115,3,5,3,2,60,1,5, ,13,1,1,1,0, ,4,2,2,2,3,1,1,1,3,1,1,2,1,1,0,1,0,0,0,0, ,1,1, ,1,1,1,0,0,0,0, ,1,1,0,1,1,0, ,0,1,1,1,0,0,0,1,0,0, ,0,1,0,0,1,0,1,0,0, ,1,1,0,0,0,1,0, ,1,1,1,0,0,1,1,0, ,0,1,0,0,0,0, ,0,0,0,1,0,0, ,0,0,1,1,0,0, ,7,2,0,0,1,0,0,1,private lessons,2,2,1,0,0,0,0,0,0,1,1,0,0,0,0,0,0, ,0, ,0, ,0, ,Question 29 is unclear.,1
19,116,4,9,3,2,100,1,5, ,12,1,0,0,0, ,4,1,1,1,3,1,1,3,3,2,2,2,0,1,1,1,1,1,1,1,To learn the language,1,1, ,1,1,1,0,0,1,0, ,1,0,0,1,1,1,it is my ccareer choice,0,0,0,0,0,0,0,0,1,1,ecletic,1,1,1,1,1,0,1,0,0, ,0,0,0,1,0,0,1,Too much material to cover,3,1,0,0,0,1,0,0, ,1,0,0,0,0,0, ,1,0,0,1,0,0, ,0,1,0,0,0,0, ,21,2,1,0,0,1,0,1,private institution abroad,2 (10hrs),2,0,1,0,0,0,0,0,1,1,1,0,0,0,0,0, ,0, ,0, ,0, , ,1
80,116,4,9,3,2,10,1,4,"Deaf History, Deaf Culture, Deaf Events",45,1,1,0,0, ,4,4,2,2,2,2,1,2,2,3,3,2,1,0,1,0,1,1,1,1,"Deaf family, friends, communicate with deaf and hearing babies",2,1, ,1,1,1,0,1,0,0, ,0,0,0,1,1,1,I am Deaf. I want to share my first language and share Deaf culture and history.,0,1,1,1,1,0,0,0,0,1,Sign language with facial expression and parameters,0,0,0,0,1,0,1,1,1,excessive absences,0,0,1,1,0,0,1,not enough workload,1,1,0,0,1,1,0,1,Deaf workshops relating to Deaf issues,0,1,0,0,0,0, ,1,0,0,1,0,1,Mentor,1,1,1,1,1,0, ,8,2,0,0,1,0,0,0, ,2,2,1,1,0,0,0,0,0,0,0,0,0,0,0,0,1,Health Information Technology Interpreting Training,0, ,0, ,0, ,Thank you! I hope the information you receive from us will help! I wish you the best. Donna Clendennen,4
20,117,4,8,3,1,60,1,5, ,17,1,0,0,0, ,3,2,2,3,2,1,1,1,2,1,1,2,0,1,0,0,1,1,0,0, ,2,1, ,1,1,1,0,0,1,0, ,1,0,0,1,1,0, ,0,1,0,0,0,0,0,1,0,0, ,0,0,0,0,1,0,1,1,0, ,0,0,0,0,1,1,0, ,1,1,1,0,0,1,1,0, ,1,1,0,0,0,0, ,0,0,0,1,0,1,methods course phd SLA,1,1,1,1,1,0, ,3,1,0,1,1,0,0,0, ,6,6,0,0,0,1,1,0,0,0,0,0,0,0,0,1,0, ,0, ,0, ,0, , ,3
68,117,4,8,3,1,100,1,5, ,15,1,0,0,0, ,3,1,2,1,1,1,1,2,2,2,1,1,1,1,1,1,1,1,1,1,use on the job,2,1, ,1,1,1,1,0,1,0, ,1,1,1,1,0,0, ,1,1,1,1,1,0,1,0,0,0, ,0,1,0,1,1,0,1,1,0, ,1,1,0,0,0,0,0, ,1,1,1,0,0,0,1,0, ,1,0,1,1,0,0, ,0,1,0,1,0,0, ,0,0,1,1,0,0, ,3.5,1,1,1,1,0,0,0, ,4 to 5,4.5,0,0,0,0,0,1,0,0,0,0,0,0,0,0,0, ,0, ,0, ,0, , ,1
77,117,4,8,3,1,100,1,5, ,17,1,0,0,0, ,3,1,1,2,3,1,1,2,2,2,2,2,1,0,1,1,0,1,0,1,Easy for (?) SPKS,1,1, ,1,1,1,1,0,0,0, ,1,0,1,1,0,0, ,0,1,1,0,0,0,0,0,0,0, ,1,1,0,0,1,0,1,0,0, ,1,0,0,0,1,0,0, ,1,1,1,0,0,1,0,0, ,0,0,0,0,1,0, ,1,0,0,1,0,0, ,1,0,1,0,0,0, ,17,1,1,1,0,0,0,0, ,6,6,0,0,0,1,0,0,0,0,0,0,0,0,1,0,0, ,0, ,0, ,0, , ,4
23,119,4,9,3,4,100,1,5, ,26,1,1,0,0, ,4,4,1,1,1,2,1,1,1,1,2,1,1,0,1,1,0,1,0,0, ,1,1, ,1,1,1,1,0,1,0, ,1,0,0,1,1,0, ,0,1,0,0,0,0,0,0,0,0, ,0,1,0,0,0,0,1,0,0, ,0,1,0,0,0,0,0, ,1,1,0,0,1,0,0,0, ,0,1,0,0,0,0, ,0,1,0,1,0,0, ,0,0,1,1,1,0, ,7,2,0,1,0,0,0,0, ,5,5,0,0,0,0,0,0,0,0,0,0,0,0,0,1,0, ,0, ,1,Spanish,0, , ,3
81,119,4,9,3,4,50,1,5, ,35,1,0,0,0, ,4,1,1,3,2,1,1,1,1,1,2,1,1,0,0,0,1,1,1,0, ,1,1, ,1,0,1,0,0,0,0, ,1,0,0,1,1,0, ,0,1,1,1,0,0,0,0,0,0, ,0,1,1,0,1,0,0,1,0, ,0,0,1,1,0,0,1,Numbers matter: teacher are afraid to lose students because the course will be cancelled.,3,1,0,0,0,0,0,0, ,1,1,0,0,0,0, ,1,0,0,0,0,0, ,0,1,0,1,0,0, ,7,2,0,1,0,1,0,1,Private school (High school),3 to 4,3.5,1,0,0,0,0,1,0,1,0,0,0,1,0,0,0, ,0, ,0, ,1,D.E Second langugae Acquisition, ,2
24,120,3,5,2,3,100,1,5, ,18,1,1,0,0, ,3,3,1,2,3,2,1,1,2,2,2,2,1,1,0,1,0,1,0,0, ,1,3,"30/30/30 Vocubulary, structure/Com, Culture",2,1,1,1,0,1,1,Cultural Assignments,1,1,0,1,0,0, ,0,1,1,0,0,0,0,1,0,0, ,1,1,0,0,0,0,1,0,0, ,1,0,1,0,0,0,1,Online teaching req.,1,1,1,1,0,1,1,0, ,1,0,0,0,0,0, ,0,0,0,1,0,1,Conferences,1,1,1,1,1,1,Using literature in levels 1 & 2,20,1,0,1,0,0,0,0, ,3,3,0,1,1,1,1,0,0,0,0,0,0,0,0,0,0, ,0, ,0, ,0, , ,4
26,120,3,5,2,3,100,1,5, ,24,1,0,0,0, ,4,1,1,2,1,1,1,2,2,3,1,2,1,0,0,0,0,0,0,0, ,1,1, ,1,1,1,1,0,1,0, ,1,1,0,0,1,0, ,1,1,0,1,0,0,0,1,0,0, ,1,1,0,0,0,0,0,0,0, ,0,0,1,1,0,0,1,More dept. communication needed,2,1,0,0,0,1,1,0, ,1,0,0,0,0,0, ,0,1,0,0,0,1,M.A. Degree Spanish,0,0,1,0,0,0, ,2,2,0,1,0,1,0,0, ,two,2,0,0,0,1,1,0,0,0,0,0,0,0,0,0,0, ,0, ,0, ,0, , ,1
30,124,3,5,1,6,100,1,5, ,15,1,0,0,0, ,2,1,1,2,3,2,1,2,3,3,3,3,1,0,0,1,0,0,0,0, ,1,1, ,2,1,1,0,0,0,0, ,1,1,0,0,1,0, ,0,1,1,0,0,0,0,1,0,0, ,1,1,1,1,0,0,1,0,0, ,0,1,1,0,0,0,0, ,2,1,0,1,0,0,0,0, ,0,0,1,0,0,0, ,0,0,0,0,0,1, ,0,1,0,0,1,0, ,6,1,0,0,0,0,1,0, ,6,6,0,1,0,0,0,0,0,1,0,0,0,0,0,0,0, ,0, ,1,Translation,0, , ,3
64,124,3,5,1,6,40,1,5, ,9,1,1,1,0, ,2,1,2,3,2,-1,1,1,2,1,2,2,0,1,0,1,1,0,0,0, ,1,3,Both of the other two choices mixed,1,1,1,0,0,1,0, ,1,1,0,1,1,0, ,1,1,1,0,0,0,0,0,0,0, ,0,1,0,1,1,0,1,0,0, ,0,0,0,0,0,0,1,N.A most of these apply to my college,3,1,0,1,0,1,0,0, ,0,0,0,1,0,0, ,1,1,1,0,0,0, ,0,1,0,0,1,0, ,13,2,1,0,1,0,0,0, ,1-2 classes,1.5,0,0,0,0,0,0,0,0,0,0,0,0,0,0,0, ,1,French/Spanish,1,French,0, , ,1
97,124,3,5,1,6,100,1,5, ,8,1,1,0,0, ,4,1,1,1,3,2,1,2,2,2,2,2,1,1,0,0,0,1,1,0, ,1,1, ,1,1,0,0,0,0,0, ,1,0,0,1,1,0, ,0,1,0,1,0,0,0,1,0,0, ,1,1,1,0,0,0,0,0,0, ,1,0,1,0,0,0,1,no separation of native speakers due to lack of courses,4,-2,-2,-2,-2,-2,-2,-2, ,0,0,0,1,0,0, ,0,0,0,0,0,1,Master's degree TA program,1,1,1,1,1,0, ,1,2,0,1,0,0,0,0, ,4,4,0,0,0,0,1,0,0,0,1,0,0,0,1,0,0, ,0, ,0, ,0, ,I think this is an extremely interesting study and would love to stay informed of the results.,3
32,126,4,9,3,2,100,1,5, ,30,1,1,0,0, ,3,1,1,1,2,2,1,1,1,3,2,2,1,1,1,1,1,1,1,0, ,1,1, ,1,1,1,0,0,0,0, ,1,1,0,1,1,0, ,0,1,0,1,0,0,0,1,0,0, ,1,1,1,0,1,0,1,1,0, ,1,0,1,0,0,1,0, ,2,1,1,0,0,1,0,0, ,1,0,0,0,0,0, ,0,0,0,1,0,0, ,0,0,1,1,0,0, ,10,1,1,1,0,0,0,0, ,3,3,0,1,0,0,1,0,0,0,0,0,0,0,0,0,0, ,1,BA Spanish,0, ,0, , ,2
128,126,4,9,3,2,100,1,5, ,24,1,0,0,0, ,4,1,1,2,1,2,1,1,2,2,2,2,1,0,0,1,0,0,0,0, ,1,1, ,1,1,1,0,0,0,0, ,1,0,0,1,1,0, ,0,1,0,0,0,0,0,0,0,0, ,1,1,0,0,1,0,0,0,0, ,1,0,1,1,0,0,0, ,3,1,0,0,0,0,0,0, ,1,0,0,1,0,0, ,0,0,0,1,0,0, ,-1,-1,-1,-1,-1,-1, ,10,2,1,1,0,0,0,0, ,2,2,0,0,0,0,0,0,0,0,0,0,0,1,1,0,0, ,0, ,0, ,0, , ,1
131,126,4,9,3,2,60,4,5, ,48,1,1,0,0, ,4,1,1,2,1,2,1,1,1,-1,2,2,0,0,0,1,1,1,1,0, ,2,1, ,1,1,1,0,0,0,0, ,1,0,0,1,1,0, ,0,1,0,1,0,0,0,0,0,0, ,0,1,1,0,1,0,1,0,0, ,0,0,1,0,0,0,0, ,1,1,1,1,0,1,0,0, ,0,0,0,0,1,0, ,1,1,0,0,0,1,workshops in foreign language teaching,0,0,1,1,1,0, ,36,2,1,1,1,0,0,0, ,2,2,0,0,0,1,1,0,0,0,0,0,0,0,0,0,0, ,0, ,0, ,0, ,Thank you for the opportunity! Best wishes!,4
34,127,1,2,2,1,100,2,2, ,20,1,0,0,0, ,3,2,1,1,1,1,1,1,1,2,2,2,1,0,0,0,0,1,0,0, ,1,3,Current affairs and critical thinking,2,0,1,0,0,1,0, ,0,0,1,1,1,0, ,0,0,0,0,0,0,0,0,0,1,reading and discussing,1,1,1,0,1,0,1,1,1,lack of study methods insufficient college culture,1,1,0,1,1,0,0, ,2,1,1,0,0,0,0,0, ,1,0,0,0,0,0, ,1,1,0,1,0,0, ,1,1,1,1,1,1,grading writing,10,1,0,1,0,0,0,0, ,4-5,4.5,0,0,0,0,0,1,0,0,1,0,0,0,0,0,0, ,0, ,1,Psychology,0, ,The main issue at public community colleges is the workload. There is no time to be creative or even change your class a little when you teach 27 credits a year.,3
59,127,1,2,2,1,60,1,5, ,25,1,0,0,0, ,2,1,1,3,3,1,1,1,2,3,3,2,1,1,1,0,0,0,0,0, ,1,1, ,1,1,1,0,0,0,0, ,1,0,1,1,1,0, ,1,1,0,0,0,0,0,1,0,0, ,1,1,1,0,0,0,1,0,1,Textbooks are expensive,0,0,0,1,1,0,0, ,2,1,1,0,0,0,0,0, ,1,0,0,0,0,1,I have been takings several webinar that are more convenient.,0,0,0,0,1,0, ,0,1,1,0,0,0, ,16,1,0,1,0,0,0,0, ,3,3,0,0,0,0,0,1,0,0,0,0,0,0,0,0,0, ,0, ,0, ,0, , ,4
134,127,1,2,2,1,30,1,2, ,12,-1,-1,-1,-1, ,1,3,1,1,3,3,1,3,2,1,-1,-1,1,0,0,0,0,1,0,0, ,1,1, ,2,1,1,0,0,1,0, ,1,0,0,0,1,0, ,0,1,1,0,0,0,1,0,0,0, ,1,1,1,0,1,0,1,1,0, ,1,1,1,0,1,1,0, ,2,0,1,0,0,1,1,0, ,0,1,0,1,0,0, ,0,0,0,0,1,0, ,1,1,0,0,0,0, ,5,1,0,1,0,0,0,0, ,5,5,0,0,0,0,0,0,0,0,0,0,0,0,1,1,0, ,0, ,0, ,0, , ,2
38,131,4,9,3,3,100,1,5, ,-1,1,1,1,0, ,3,3,2,1,1,1,1,2,1,1,1,1,0,0,1,1,0,0,1,0, ,1,1, ,1,1,1,0,0,0,1,three assessment instruments to be emvedded within quizzes/tests,0,0,0,1,1,1,"Languages are the door to the world, and I want others to travel, know people, & become gloval citizens like I did (& loved it)",0,1,0,0,0,1,1,1,0,1,logic/visual,0,0,0,0,1,0,1,1,0, ,0,0,0,1,0,1,0, ,1,1,1,1,0,1,0,0, ,0,1,0,0,0,0, ,0,0,0,0,0,1,Ed. D.,0,0,0,1,0,0, ,15,1,1,1,1,1,0,0, ,03/04,3.5,-1,0,0,1,1,0,0,0,0,1,0,1,0,0,0, ,0, ,0, ,0, ,"I teach five European languages. My institution is, however, not culturally sensitive. I am harrassed by the department chair, an older, extremely conservative and austere woman con delirio de grandeza.",4
39,131,4,9,3,3,120,1,5, ,26,1,1,0,0, ,3,1,1,3,2,1,1,1,2,2,2,2,0,1,0,1,0,1,1,1,"Religion, some want to study the Bible. Others are Jewish.",1,1, ,1,1,1,0,0,0,0, ,1,0,0,1,1,1,Love it!,0,1,1,0,0,0,0,0,0,1,We have to teach from the textbook. Very little leeway or choice of method.,1,1,1,0,0,0,0,0,0, ,1,0,0,1,0,0,1,Pace required too fast for community college students.,3,1,1,0,0,1,0,0, ,0,0,0,0,0,1,The need to travel long distances.,1,1,1,0,0,0, ,0,1,0,0,1,1,Online Teaching,30,2,1,0,1,0,0,0, ,1,1,0,1,0,0,0,0,0,0,0,1,0,0,0,0,0, ,0, ,0, ,1,Hebrew Near Eastern Languages,"We are asked to teach too much too quickly. We must all use the same materials and maintain the same pace despite student variation over classes. Students are only required to comple one course. Many drop language study after level one beased on their counselor's advice. Ours is ""a get them in and get them out"" college.",2
46,131,4,9,3,3,20,1,5, ,30,1,1,1,0, ,3,2,3,2,3,1,1,1,3,1,3,3,1,0,1,1,1,1,1,0, ,2,1, ,-1,-1,-1,-1,-1,-1,-1, ,1,1,0,1,1,0, ,1,1,0,1,0,0,0,1,0,0, ,0,0,0,0,1,0,0,0,0, ,0,1,1,0,0,1,0, ,1,1,1,0,0,1,0,0, ,0,1,0,0,0,0, ,0,0,0,1,0,0, ,1,1,1,1,0,0, ,5,2,0,1,1,0,0,0, ,4,4,0,1,0,0,0,0,0,0,0,0,0,0,0,0,0, ,0, ,1,Arabic,0, , ,2
55,131,4,9,3,3,70,1,5, ,24,1,1,0,0, ,4,4,1,3,2,1,1,1,2,3,1,1,1,1,1,1,1,1,1,0, ,1,1, ,1,1,1,0,0,0,0, ,1,0,1,0,0,0, ,1,1,1,1,0,0,1,0,0,0, ,1,1,1,0,1,0,1,0,0, ,0,0,0,1,1,1,0, ,2,1,1,1,0,0,0,0, ,1,1,0,0,0,0, ,1,0,0,1,0,0, ,1,0,1,0,1,0, ,19,1,1,1,0,1,0,0, ,3,3,0,0,0,0,0,0,0,0,0,0,0,0,0,1,0, ,0, ,0, ,0, , ,3
143,131,4,9,3,3,70,4,5, ,30,1,1,0,0, ,2,2,2,3,3,1,1,1,3,3,1,3,1,1,1,1,1,1,1,0, ,2,1, ,2,1,1,0,1,1,0, ,1,0,1,1,1,0, ,1,1,1,0,0,0,0,1,0,0, ,0,0,0,1,1,0,0,0,0, ,1,1,1,1,0,0,0, ,1,1,1,0,0,1,1,0, ,1,1,0,1,0,0, ,1,0,0,1,0,0, ,1,1,1,1,1,0, ,9,2,1,1,1,1,0,0, ,2 courses,2,0,0,0,0,0,0,0,0,1,0,0,0,1,0,0, ,0, ,0, ,0, , ,1
41,133,4,9,2,4,70,1,5, ,20,1,1,1,0, ,3,1,1,2,1,1,1,2,2,3,3,3,1,1,0,1,1,1,1,1,pop culture,2,1, ,-1,1,0,0,0,0,1,Just SLO final part,1,0,0,1,1,1,how my life turned out,1,1,1,1,0,1,0,1,0,1,Constructivist/Connectivise,0,1,0,0,1,1,0,1,0, ,0,1,1,1,0,0,0, ,1,1,1,0,0,1,1,0, ,1,0,0,0,0,1,time conflict,1,0,0,1,0,0, ,0,0,0,0,0,1,ADA compliance in context of language teaching very complicated.,7,2,1,1,0,0,0,0, ,4-5,4.5,1,1,0,0,0,0,0,1,0,0,0,0,1,0,0, ,0, ,0, ,0, , ,3
73,133,4,9,2,4,100,2,5, ,24,1,0,0,0, ,4,1,1,1,3,1,1,1,2,3,3,3,0,0,1,1,0,1,1,0, ,2,1, ,1,1,1,0,0,0,0, ,0,0,0,0,0,1,can't find job teaching literature,0,1,0,0,0,0,0,0,0,0, ,1,1,1,0,0,0,1,0,0, ,1,0,0,1,0,0,0, ,2,1,0,0,0,0,0,0, ,0,0,1,0,0,0, ,0,0,0,0,0,1,Ph.D. in Spanish,-1,-1,-1,-1,-1,-1, ,4,2,0,1,0,0,0,0, ,1.5,1.5,0,0,0,0,0,1,0,0,0,0,0,0,0,0,0, ,0, ,0, ,0, , ,4
43,135,2,3,2,2,100,2,5, ,10,1,1,0,0, ,1,2,1,1,1,2,1,1,2,2,2,2,1,0,0,1,0,0,1,1,To communicate w/co-workers,1,1, ,2,1,1,0,0,0,0, ,1,1,0,0,0,1,Life long concern for excellent communication,0,1,0,0,0,0,0,1,0,0, ,1,1,0,1,1,0,1,0,1,Lack of withdrawl support we have no language lab,1,1,0,0,0,0,1,"Lack of office space, paid office hours",2,1,0,0,0,0,0,0, ,1,1,0,0,0,0, ,1,0,0,1,0,0, ,0,0,0,1,0,0, ,15,2,1,0,1,0,0,0, ,2,2,-1,0,0,1,1,1,0,0,0,1,0,0,1,0,0, ,0, ,0, ,1,I did a DML with Middlebury College. It is interdisciplined., ,1
65,135,2,3,2,2,40,1,5, ,24,1,0,0,0, ,3,1,2,3,3,1,1,1,2,2,2,1,1,0,0,1,1,0,0,0, ,1,1, ,1,0,1,0,0,0,0, ,1,1,0,1,1,0, ,0,1,0,0,0,0,0,0,0,0, ,1,1,0,0,1,0,1,1,0, ,0,0,0,0,0,0,1,none,1,0,1,1,0,0,0,0, ,1,0,0,0,0,0, ,0,1,0,1,0,0, ,0,0,1,0,1,0, ,18,1,0,1,0,1,0,0, ,3,3,0,0,0,1,1,0,0,0,0,0,0,0,0,0,0, ,0, ,0, ,0, , ,3
94,135,2,3,2,2,40,1,5, ,8,1,1,0,0, ,4,4,1,1,3,2,1,1,3,2,2,2,1,0,0,1,1,1,1,0, ,1,1, ,1,1,1,1,0,0,0, ,1,1,0,1,1,0, ,1,1,0,1,0,0,0,1,0,0, ,1,0,0,0,0,0,1,1,0, ,1,0,0,0,0,0,0, ,2,1,1,1,0,0,0,0, ,0,1,0,0,0,0, ,0,1,0,0,0,0, ,0,0,0,1,1,0, ,7,2,0,1,0,0,0,0, ,1.5,1.5,0,0,0,0,0,1,0,0,0,0,0,0,0,0,0, ,0, ,0, ,0, , ,4
52,143,4,9,1,6,100,2,5, ,25,1,1,0,0, ,3,1,1,2,3,1,1,1,3,3,3,3,1,1,1,1,1,1,1,0, ,2,1, ,1,1,1,0,0,0,0, ,1,1,0,1,1,1,interest in culture/history/travel,0,1,0,1,0,0,1,0,0,0, ,1,1,1,1,1,0,0,0,0, ,1,1,1,0,0,0,0, ,3,1,0,0,0,0,0,0, ,1,0,0,0,0,0, ,1,0,0,0,0,1,MA Spanish,0,1,1,1,0,0, ,15,1,0,1,0,0,0,1,Hospital staff/ Administrative staff for food processing plant.,4,4,0,0,0,1,1,0,0,0,0,0,0,0,1,0,0, ,0, ,0, ,0, , ,4
87,143,4,9,1,6,100,1,5, ,-1,1,0,0,0, ,3,1,1,2,3,2,1,1,2,1,3,2,1,1,1,1,1,1,0,0, ,1,1, ,1,1,1,0,0,0,0, ,1,0,0,1,1,0, ,0,1,0,0,0,0,0,0,0,0, ,1,1,0,1,1,1,1,0,1,From families living in poverty who typically haven't valued formal education,0,0,0,0,0,1,1,"Pressure to retain students, requesting/demanding that instructors assess ""soft skills"" ie teamwork, study habits, empathy, time management etc",2,1,1,1,0,1,0,0, ,1,0,0,1,0,0, ,1,1,0,0,0,0, ,1,1,0,0,1,0, ,30,1,0,1,1,0,0,0, ,3,3,0,1,0,0,0,0,0,0,1,0,0,0,0,0,0, ,1,Spanish,1,Teaching M.A.T.,0, , ,4
57,147,4,9,3,1,50,1,5, ,20,1,1,0,0, ,3,1,2,3,1,1,1,1,2,1,2,1,1,1,1,1,1,1,1,1,Travel,2,1, ,1,1,1,0,0,0,0, ,1,1,0,1,1,1,imcome,0,1,0,1,0,0,0,1,0,0, ,0,0,0,0,0,0,1,1,1,Lack of time besides work,0,0,1,0,1,0,1,Teaching part time at different colleges,1,1,1,1,1,1,1,0, ,1,0,0,0,0,0, ,1,0,0,0,0,0, ,1,1,1,1,1,0, ,8,2,0,1,0,0,0,0, ,4,4,0,0,0,0,0,1,0,1,0,0,0,0,0,0,0, ,0, ,0, ,0, ,I only teach evening courses at the community college with mostly adult learner. During the day I teach at a 4 - year institution.,1
123,147,4,9,3,1,30,1,1, ,35,1,0,0,0, ,2,1,1,2,1,1,2,2,2,1,1,2,1,0,1,1,1,1,1,0, ,-1,-1, ,-1,1,1,1,1,1,0, ,1,1,1,1,1,0, ,1,1,1,1,0,0,1,1,0,0, ,0,1,0,1,0,1,0,0,0, ,1,0,0,0,0,1,0, ,1,1,1,1,0,1,0,0, ,0,1,0,0,0,0, ,1,1,1,0,0,0, ,1,1,1,1,1,0, ,18,1,1,1,1,0,0,0, ,5,5,0,1,0,0,1,0,0,0,1,0,0,0,1,0,0, ,0, ,0, ,0, , ,3
58,148,3,5,3,4,100,2,5, ,7,1,0,0,0, ,4,4,1,2,1,3,1,1,1,1,1,1,1,1,1,1,0,0,0,0, ,1,1, ,1,1,1,0,0,0,0, ,1,0,0,1,1,1,love of language + culture,1,1,1,1,0,0,0,1,0,0, ,1,1,1,0,1,0,1,0,0, ,1,0,0,1,1,0,0, ,2,1,1,0,0,1,0,0, ,0,1,0,0,0,0, ,1,0,0,1,0,1,Graduate Level Course,1,0,1,1,1,0, ,25,1,0,0,1,0,0,0, ,5,5,0,0,0,1,0,0,0,0,1,0,0,0,0,0,0, ,0, ,0, ,0, , ,3
75,148,3,5,3,4,100,1,5, ,20,1,0,0,0, ,3,1,1,2,1,1,1,1,1,2,1,1,1,0,0,0,0,0,1,0, ,1,1, ,1,1,1,1,0,0,0, ,1,1,0,1,1,0, ,1,1,0,0,0,0,0,0,0,0, ,0,0,0,0,1,0,1,0,0, ,0,0,1,0,0,0,0, ,2,1,1,0,0,0,0,0, ,1,0,0,0,0,0, ,0,0,0,0,1,0, ,0,1,1,1,1,0, ,3,1,0,1,0,0,0,0, ,2 ( I'm a language coordinator),2,1,0,0,0,1,0,0,0,0,0,0,0,0,0,0, ,0, ,0, ,0, , ,1
105,148,3,5,3,4,70,2,5, ,16,1,1,0,0, ,1,1,1,3,2,2,2,1,1,3,1,3,0,0,1,0,1,0,1,0, ,2,1, ,1,1,1,0,1,1,0, ,1,1,0,1,1,0, ,0,1,0,0,0,0,0,0,0,0, ,0,0,1,0,0,0,1,1,0, ,0,0,0,1,1,0,0, ,3,0,1,0,0,0,0,0, ,1,1,0,0,0,0, ,0,0,0,0,1,0, ,0,1,1,0,1,0, ,3,1,0,1,0,1,0,1,My own language school,"16: 6 as full time, 2 as part timeat colleges and 8 outside of the college classes",16,0,0,0,0,1,0,0,0,0,0,0,0,0,0,0, ,0, ,0, ,0, ,"I want to develop online courses. However, the institution does not provide any equipment that I need. I often get frustrated by the lack of resource.",1
61,150,1,2,3,4,100,1,5, ,-1,1,0,0,0, ,4,1,1,2,1,1,1,1,2,2,2,2,1,1,0,1,0,0,1,0, ,1,1, ,1,1,1,1,0,0,0, ,1,1,0,0,0,0, ,0,1,1,1,0,0,0,1,0,0, ,1,1,0,0,0,0,1,0,0, ,1,0,0,0,1,0,0, ,2,1,1,0,0,0,0,1,university researchers,1,1,0,0,0,0, ,1,0,0,0,0,1,MA/ABD,1,1,1,0,1,0, ,12,2,0,1,0,1,0,0, ,"Between 3&7, usually 4-5",4.5,1,1,0,0,1,0,0,1,0,0,0,0,0,0,0, ,0, ,1,Psych,0, , ,1
90,150,1,2,3,4,110,1,5, ,21,0,1,0,0, ,3,1,1,3,1,1,1,1,2,1,3,1,0,0,0,1,1,0,0,0, ,2,1, ,2,-1,-1,-1,-1,-1,-1, ,1,1,0,1,0,0, ,0,0,1,1,0,0,0,1,0,1,discovery,1,1,1,1,0,0,1,0,0, ,0,0,1,0,0,0,0, ,2,1,1,1,0,1,0,0, ,1,0,0,0,0,0, ,0,1,1,1,0,0, ,0,0,1,0,1,0, ,12,2,0,0,1,0,0,0, ,2,2,0,0,0,0,0,0,0,0,0,0,0,0,1,0,0, ,1,Philosophy,1,Classics/Latin TESOL,0, , ,3
69,154,2,3,3,1,100,1,5, ,14,1,1,0,0, ,3,1,1,2,3,2,2,2,2,2,2,2,1,0,0,1,0,1,0,0, ,1,1, ,2,1,1,0,0,0,0, ,1,0,0,1,1,1,I love Spanish,1,1,1,0,0,0,0,1,0,0, ,0,1,1,0,0,0,1,0,0, ,1,0,1,0,0,0,1,just textbook that we are required to use,3,1,0,0,0,0,0,0, ,1,1,0,0,0,0, ,0,1,0,1,0,0, ,1,0,0,1,0,0, ,18,2,1,1,1,0,0,1,in corporations,2,2,1,0,0,1,0,0,0,0,0,0,0,0,0,0,0, ,0, ,1,MBA-Int'l Mgmt.,0, , ,3
109,154,2,3,3,1,70,2,5, ,12,1,0,0,0, ,1,4,1,3,1,2,1,1,1,3,1,2,1,0,1,1,1,0,1,0, ,2,1, ,2,0,1,0,0,0,0, ,1,0,0,1,0,0, ,1,1,1,0,0,0,0,0,0,0, ,1,1,1,0,1,0,1,0,0, ,0,0,1,0,0,1,0, ,1,1,1,1,0,1,0,0, ,0,0,0,0,1,0, ,0,0,0,0,0,1,MA in Japanese Ph.D (one year) teacher trainin,0,0,0,0,0,1,I don’t deel the need for professional development,5,1,0,1,0,1,0,0, ,4,4,0,0,0,1,0,0,0,0,0,0,0,0,1,0,0, ,0, ,0, ,0, , ,3
119,154,2,3,3,1,100,2,5, ,11,1,1,0,0, ,3,1,1,2,-1,1,1,1,3,3,2,3,1,1,1,1,0,1,1,0, ,2,1, ,1,1,1,0,0,1,0, ,1,0,1,1,0,0, ,1,1,0,0,0,0,1,1,0,0, ,0,1,0,1,1,0,1,0,0, ,0,0,1,0,0,0,0, ,2,1,1,0,0,0,1,0, ,1,1,0,0,0,0, ,0,0,0,0,1,0, ,0,1,0,1,0,0, ,15,1,1,1,0,0,0,0, ,4,4,0,0,0,0,1,0,0,0,0,1,0,0,0,0,0, ,0, ,0, ,0, , ,1
139,154,2,3,3,1,100,1,5, ,8,1,1,0,0, ,2,1,1,2,1,1,1,2,2,1,1,2,1,1,1,1,1,1,1,1,Audit,1,1, ,1,1,1,0,0,0,0, ,1,1,0,1,1,0, ,1,1,1,1,0,0,0,1,0,0, ,0,0,0,0,1,0,1,1,0, ,1,0,1,0,0,0,1,Faculty Apathy,1,0,1,0,0,0,0,0, ,0,1,0,0,0,0, ,0,0,0,0,0,1,PhD,1,1,0,1,1,0, ,2,1,1,0,0,0,0,0, ,3 to 4,3.5,0,1,0,1,1,1,0,0,0,0,0,0,0,0,0, ,0, ,0, ,0, , ,2
89,164,4,9,3,3,50,1,5, ,24,1,1,1,0, ,4,1,1,3,3,1,1,1,1,1,1,1,0,1,1,1,1,1,1,1,online gameing,2,3,communicative competence & culture,1,1,1,0,0,0,1,SLOs (Student Learning outcomes),1,1,0,1,1,0, ,1,1,1,1,0,0,0,0,0,0, ,0,0,1,0,1,0,1,1,0, ,0,0,1,1,0,1,0, ,1,1,1,1,0,1,0,0, ,1,0,0,0,1,0, ,1,1,1,1,0,0, ,1,0,0,0,0,0, ,3,1,1,1,1,0,0,1,Schools for children w/ german background/ Saturday school,3 (5hrs each),3,1,0,0,0,1,0,0,0,1,0,0,0,1,0,0, ,0, ,0, ,0, , ,1
151,164,4,9,3,3,70,1,5, ,26,1,0,0,0, ,3,1,1,3,2,2,1,2,3,2,1,2,1,1,0,1,1,1,1,0, ,2,1, ,2,1,1,1,0,0,0, ,1,0,0,1,1,0, ,0,1,0,1,0,0,0,1,0,0, ,1,1,1,1,1,0,1,0,0, ,0,1,0,0,0,0,0, ,1,1,1,1,0,0,0,0, ,1,1,0,0,0,0, ,1,0,0,0,0,0, ,1,1,1,1,1,0, ,4,2,1,0,0,0,0,0, ,2,2,0,1,0,0,0,0,0,1,0,0,0,0,1,0,0, ,0, ,0, ,0, ,This survey should have been conducted at the beginning or the middle of a semester not at the end when things are so hectic.,3
104,172,1,2,1,4,60,1,5, ,5,1,0,0,0, ,2,1,1,3,3,3,1,1,3,3,3,3,1,0,0,0,1,1,0,0, ,2,1, ,1,1,1,0,0,1,0, ,1,0,0,1,1,0, ,0,1,1,0,0,0,0,1,0,0, ,1,1,1,0,0,0,0,0,0, ,0,1,0,0,0,0,0, ,3,1,0,0,0,0,0,0, ,1,0,0,0,0,0, ,0,0,1,0,0,0, ,0,0,1,1,0,0, ,9,2,0,1,0,0,0,0, ,1 to 2,1.5,0,0,0,0,0,0,0,0,0,0,0,0,1,0,0, ,1,BA Economics,1,MA Economics,0, , ,2
157,172,1,2,1,4,10,1,4,Deaf Culture Exposure,18,1,1,0,0, ,2,4,2,2,3,2,1,2,2,2,2,2,0,0,0,0,1,1,1,0, ,2,1, ,1,1,0,0,0,0,0, ,1,0,0,1,1,1,advancing social justie for Deaf who are oppressed linguistically,0,1,0,0,1,0,0,0,0,0, ,0,0,0,0,0,0,1,0,0, ,0,0,0,1,0,0,1,minimum class size required to hold class - deprives working students from having advanced levels,1,0,0,0,0,1,0,1,interpreters,1,0,0,0,0,1,private practice workload,0,0,0,1,0,1,linguistic masters in ASL,0,0,1,1,1,0, ,15,2,1,1,0,1,0,0, ,2,2,1,0,0,0,0,0,0,0,0,0,0,0,1,0,0, ,1,Math & Psychology,0, ,0, , ,5
114,179,4,9,2,2,100,1,5, ,-1,1,0,0,0, ,4,2,1,1,2,1,1,1,2,1,2,2,1,0,1,1,0,1,1,0, ,1,1, ,1,1,1,1,1,0,0, ,1,0,0,1,1,1,linguistics,0,1,0,1,0,0,1,0,0,1,Natural Approach (Terrell/Krashen),1,1,1,0,1,0,1,0,0, ,0,0,0,1,0,1,1,open enrollment,2,1,0,0,0,1,0,0, ,1,0,1,0,0,0, ,1,1,0,1,0,0, ,1,0,0,0,1,0, ,37,1,1,1,1,0,0,0, ,3-five unit courses,3,1,0,0,0,0,0,0,0,0,0,0,0,1,0,0, ,0, ,0, ,0, , ,1
142,179,4,9,2,2,100,2,5, ,20,1,0,0,0, ,4,1,1,1,1,1,1,1,2,3,3,2,1,1,1,1,0,1,0,0, ,1,1, ,1,1,1,1,1,1,0, ,1,1,0,1,1,1,sharing my culture,0,1,0,0,0,0,0,0,0,0, ,1,1,0,1,1,0,1,0,0, ,1,0,0,0,0,0,0, ,2,1,1,0,0,1,0,0, ,1,1,0,0,0,0, ,0,1,0,0,0,0, ,1,0,0,1,0,0, ,35,2,0,1,1,0,0,0, ,1 or 2 only,1.5,1,0,0,1,0,1,0,0,0,0,0,0,0,0,0, ,1,literature/education,0, ,1,literature, ,1
116,181,4,9,1,4,100,2,2, ,16,1,0,0,0, ,3,4,1,1,-1,1,1,-1,-1,-1,-1,-1,1,1,1,1,1,1,1,0, ,1,1, ,1,1,0,0,0,0,0, ,1,1,0,1,0,0, ,1,1,0,0,0,0,0,0,0,0, ,0,0,0,0,1,0,0,0,0, ,1,0,0,0,0,0,0, ,1,-1,-1,-1,-1,-1,-1,-1, ,0,1,0,0,0,0, ,-1,-1,-1,-1,-1,-1, ,-1,-1,-1,-1,-1,-1, ,-1,-1,-1,-1,-1,-1,-1,-1, ,-1,-1,-1,-1,-1,-1,-1,-1,-1,-1,-1,-1,-1,-1,-1,-1,-1, ,-1, ,-1, ,-1, , ,3
136,181,4,9,1,4,31,1,5, ,13,1,1,0,0, ,4,4,1,2,2,1,1,2,2,1,1,1,1,1,1,1,1,1,0,0, ,1,1, ,1,0,1,0,0,0,0, ,1,1,0,1,1,0, ,1,1,1,1,0,1,1,1,0,0, ,0,1,0,0,1,0,1,1,0, ,0,0,0,1,1,0,0, ,1,1,1,0,0,1,0,0, ,1,1,0,0,0,0, ,1,1,1,1,0,0, ,1,0,1,0,1,0, ,6,2,1,1,1,0,0,0, ,3,3,0,0,0,1,0,0,0,0,0,1,0,0,1,0,0, ,0, ,0, ,0, ,Thank you for conducting this research.,1
121,185,4,8,3,4,40,1,5, ,6,1,0,0,0, ,4,2,1,2,3,1,1,1,2,3,2,3,1,0,0,1,0,0,0,1,travel,2,1, ,1,1,1,0,0,0,0, ,0,0,0,0,1,1,I love French!,0,1,0,0,0,0,0,1,0,1,Team Based Learning,1,1,0,0,1,0,1,1,0, ,1,0,0,0,1,0,1,student attrition,1,0,1,0,0,1,0,0, ,1,1,0,0,0,1,"Workshops/conference tha do not apply to my work, or are of limited usefulness",0,0,0,1,0,1,coursework,0,0,0,0,0,1,solutions to attrition problems,6,1,0,1,0,0,0,0, ,3 (=15 credit hours),3,0,0,0,0,0,1,0,0,0,0,0,0,0,0,0, ,0, ,0, ,0, ,"Thank you for your interest. We want to be ""data driver"" but there is a little data!",1
148,185,4,8,3,4,30,1,5, ,15,1,0,0,0, ,3,1,2,3,-1,1,1,1,-1,-1,-1,-1,0,0,1,1,0,0,0,1,Travel,2,1, ,2,1,1,1,1,1,0, ,0,0,0,1,0,0, ,1,1,0,0,0,0,1,0,0,0, ,0,0,1,1,1,0,1,0,1,few got A+ grade 100 +2,-1,-1,-1,-1,-1,-1,-1, ,1,1,1,0,1,0,0,0, ,-1,-1,-1,-1,-1,-1, ,1,0,0,1,0,1,Longtime experience,0,0,1,1,1,0, ,15,2,0,0,0,0,0,1,Missionary training Center U.S. Air Force.,0,0,0,0,0,0,1,0,0,1,0,0,0,0,0,0,0, ,0, ,0, ,1,Business Stock market., ,3
6,105,4,9,1,4,70,1,5, ,13,1,1,0,0, ,3,1,1,2,-1,1,1,1,1,1,1,1,1,1,1,1,1,1,1,1,They want to visit Japan,1,1, ,1,1,1,1,1,1,0, ,1,0,0,1,1,0, ,1,1,0,1,0,0,1,0,0,0, ,1,0,0,0,1,0,1,0,0, ,0,0,0,0,0,0,1,I have no institutionl difficulties.,2,1,0,0,0,0,1,0, ,1,0,0,0,0,0, ,1,0,0,0,0,0, ,0,0,0,0,1,0, ,6,2,1,0,0,0,0,0, ,3,3,0,0,0,0,0,0,0,0,0,0,0,0,1,0,0, ,0, ,0, ,0, , ,3
7,106,1,1,1,4,100,1,5, ,9,1,0,0,0, ,4,2,1,1,1,1,1,1,1,1,1,3,1,1,1,1,1,1,1,0, ,1,1, ,2,1,0,0,1,0,0, ,1,0,0,1,1,0, ,1,1,1,0,0,0,0,1,0,0, ,0,1,0,1,1,1,1,1,0, ,1,0,1,0,0,0,1,lack of students if course is required for their program,1,1,1,0,0,0,0,1,textbook publisher & authors,0,1,0,0,0,0, ,0,0,0,0,0,1,MA in Modern Languages,0,0,0,1,0,0, ,17,1,1,1,0,0,0,0, ,4,4,0,0,0,0,0,0,0,0,0,0,0,0,1,0,0, ,0, ,1,Modern Languages,0, , ,1
8,107,2,3,2,1,40,1,5, ,10,1,0,0,0, ,3,1,1,3,3,1,1,3,3,3,3,3,0,1,1,1,1,1,0,0, ,1,1, ,1,1,1,0,0,1,0, ,1,0,0,1,0,1,Prior career in int'l engineering sales,0,1,0,1,0,0,0,0,0,0, ,1,1,1,1,1,1,1,1,1,"Transportation problems, health issues (personal and/or of family members)",0,1,1,0,0,0,1,Appropriate classrooms (once taught in CNA lab)(nursing assistant),3,1,1,0,0,0,0,0, ,1,1,0,0,0,0, ,1,0,0,0,0,0, ,1,0,1,0,0,0, ,13,1,0,1,0,1,0,0, ,5,5,0,1,0,0,0,0,0,0,0,0,0,0,0,0,0, ,0, ,1,Foreign language of literature,0, ,Much easier to teach studets at 4-year universities. See #16.,1
10,108,4,9,3,3,100,2,2, ,28,1,0,0,0, ,2,2,1,1,1,1,1,1,1,2,2,1,0,1,1,1,1,1,1,0, ,2,3,Writing skills,2,0,1,1,0,0,0, ,1,1,0,1,0,0, ,0,1,1,1,0,0,0,1,0,0, ,0,1,1,0,0,0,1,0,0, ,1,1,0,1,0,0,0, ,2,1,1,1,0,0,0,0, ,1,0,0,1,0,0, ,0,0,0,1,0,0, ,1,1,1,1,1,0, ,9,1,1,1,1,0,0,0, ,4,4,0,1,0,1,1,0,1,0,0,0,0,0,0,0,0, ,0, ,0, ,0, , ,4
11,109,1,2,2,1,80,1,5, ,28,1,0,0,0, ,3,1,1,3,2,3,-1,1,2,1,2,2,1,0,1,1,1,0,0,0, ,1,1, ,1,1,1,0,0,1,0, ,1,1,1,1,0,0, ,0,1,0,0,0,0,0,0,0,0, ,0,1,0,0,1,0,0,0,0, ,1,0,0,0,1,1,0, ,1,1,1,0,0,1,0,0, ,0,1,0,0,0,0, ,-1,-1,-1,-1,-1,-1, ,-1,-1,-1,-1,-1,-1, ,-1,-1,-1,-1,-1,-1,-1,-1, ,-1,-1,-1,-1,-1,-1,-1,-1,-1,-1,-1,-1,-1,-1,-1,-1,-1, ,-1, ,-1, ,-1, , ,2
14,111,2,3,2,6,40,2,5, ,12,1,1,1,0, ,3,1,3,3,1,2,1,1,2,3,3,3,1,1,1,1,0,0,0,0, ,2,2, ,1,0,1,0,0,1,0, ,0,0,0,1,1,1,love teaching,1,1,0,1,0,0,0,1,0,0, ,0,1,1,0,0,0,1,0,0, ,1,0,1,0,0,0,1,30 students general size of 1st year course,2,1,0,0,0,0,0,0, ,0,1,0,0,0,0, ,1,1,0,0,0,1,International Baccalaureate workshops,0,0,0,1,1,0, ,20,2,0,1,1,0,0,0, ,3,3,0,0,0,0,1,0,0,0,0,0,0,0,0,0,0, ,0, ,0, ,0, , ,1
15,112,1,2,2,1,60,1,5, ,23,1,1,0,0, ,1,1,1,2,3,3,1,1,1,1,1,2,1,1,0,0,0,1,0,1,Study Abroad,2,1, ,1,1,1,1,0,1,0, ,1,0,0,1,1,1,Cultural interets,1,1,0,0,0,0,0,1,0,0, ,0,1,1,0,1,0,1,0,0, ,0,0,1,1,0,0,1,Hours (Classes meet only once a week),2,0,1,0,0,0,0,0, ,1,1,0,0,0,0, ,0,0,0,1,0,1,1 Grad school class in foreign lang. pedagogy,0,0,0,1,0,0, ,4,1,0,1,0,0,0,0, ,3,3,0,0,0,0,0,1,0,0,0,0,0,0,0,0,0, ,0, ,0, ,0, ,I'm glad this survey is happening; I hope the study of foreign lang. continues to be a priority.,1
16,113,2,3,2,2,50,1,5, ,25,1,0,0,0, ,3,1,1,3,1,3,1,1,1,3,3,3,0,1,1,0,1,1,0,0, ,2,1, ,2,0,1,0,0,0,0, ,1,1,0,1,1,0, ,0,1,1,0,0,0,0,1,0,0, ,0,1,1,1,1,0,1,0,0, ,0,0,1,1,0,0,1,minimun class size = 15,1,1,0,0,0,0,1,0, ,0,1,0,0,0,0, ,1,0,0,0,0,0, ,0,1,0,0,1,0, ,12,1,0,1,0,0,0,0, ,4,4,1,0,0,0,1,0,0,0,0,0,1,0,0,0,0, ,0, ,0, ,0, , ,3
22,118,3,5,3,4,30,1,5, ,14,1,0,0,0, ,4,4,1,2,1,1,1,1,-1,1,2,1,1,1,1,1,1,0,1,0, ,2,1, ,1,1,1,1,1,1,0, ,1,1,0,1,1,0,0,1,0,1,0,0,0,1,1,0,0, ,0,0,0,0,1,0,1,0,0, ,0,0,0,0,0,0,1,N/A,1,1,1,1,1,1,1,0, ,0,0,0,0,1,0, ,0,0,0,1,0,1,All kinds of PD opportunities,1,0,0,0,1,1,Sharing best practices with peers,5,1,0,1,1,1,0,0, ,5,5,0,0,0,0,1,1,0,0,0,0,0,0,0,0,0, ,1,English,0, ,0, , ,1
25,121,4,9,1,3,40,2,5, ,10,1,0,0,0, ,2,1,1,3,2,1,-1,2,2,2,2,2,1,1,1,1,1,0,0,1,Had experience traveling to France or a French speaking country.,1,1, ,1,0,1,0,0,1,0, ,1,0,0,1,1,1,I am a foreign language learner.,0,1,1,0,0,0,0,1,0,0, ,0,0,1,0,1,1,1,1,0, ,1,0,0,0,1,1,0, ,1,0,1,0,0,1,0,0, ,1,1,0,0,0,0, ,1,0,0,0,0,1,Ph.D in Language,1,1,0,0,1,0, ,3,1,0,1,0,0,0,0, ,"I am on a quarter system, 4 courses.",4,0,0,0,0,0,0,0,0,0,0,0,0,0,0,0, ,0, ,0, ,1,Civilization and Culture, ,2
28,122,4,9,2,4,100,2,5, ,20,1,1,0,0, ,3,1,1,3,1,1,1,1,1,1,1,1,0,0,1,0,0,1,0,1,Travel interests,2,1, ,1,1,1,0,0,0,0, ,1,1,1,1,1,0, ,1,1,1,1,0,0,1,0,0,0, ,0,1,1,1,1,0,0,0,0, ,1,1,0,1,0,1,0, ,1,0,1,0,0,0,0,0, ,0,1,0,0,0,0, ,1,0,0,0,0,0, ,1,1,1,0,0,0, ,18,1,0,1,0,0,0,0, ,3 courses,3,0,0,0,0,0,1,0,0,0,0,0,0,0,0,0, ,0, ,0, ,0, ,The main problem our department have is the lack of a stable full time group of teachers. The admin keeps taking full time positions away.,1
29,123,2,3,1,6,30,1,4,Culture,3,1,0,0,0, ,2,1,1,3,-1,-1,-1,1,-1,1,-1,1,0,0,1,0,0,1,1,0, ,2,1, ,1,1,0,1,1,1,0, ,1,0,1,1,0,0, ,1,1,1,0,0,0,0,1,0,0, ,0,0,0,0,0,0,1,0,0, ,0,0,0,0,0,0,1,No difficulties as mentioned here.,2,0,0,0,0,1,0,0, ,1,0,0,1,0,0, ,0,0,0,0,1,0, ,0,0,1,0,0,0, ,1,2,0,1,0,0,1,0, ,3,3,-1,0,0,0,0,0,0,0,0,0,0,1,1,0,0, ,0, ,0, ,0, , ,1
31,125,3,5,3,1,100,1,4,Culture,22,1,0,0,0, ,3,1,1,2,1,1,1,1,2,3,3,3,1,1,1,1,0,0,0,0, ,1,1, ,1,1,1,1,0,0,0, ,1,1,0,1,0,0, ,1,1,1,0,0,0,0,1,0,0, ,1,1,0,1,1,0,1,0,0, ,0,1,0,0,0,0,1,"poorly prepared students, discipline issues",2,1,1,0,0,1,0,0, ,1,0,1,0,0,0, ,1,0,0,0,0,1,MA in Spanish History,0,0,0,1,1,0, ,26,1,0,1,0,0,0,1,private tutoring,04/05,4.5,0,1,1,1,1,0,0,0,0,0,0,0,0,0,0, ,1,English,0, ,0, ,Great survey!,4
35,128,4,9,3,1,100,1,5, ,22,1,0,0,0, ,3,1,1,1,3,1,1,1,2,3,3,1,0,1,1,0,0,1,1,1,financial aid qualifies for students taking 12+ units; ours is a 5-unit course,1,1, ,1,1,0,0,0,0,0, ,1,0,0,1,0,1,interest in missions work+travel,0,1,0,0,0,0,0,1,0,1,eclectic,1,1,1,0,1,0,1,0,0, ,1,0,1,1,0,0,0, ,2,1,0,0,0,1,0,0, ,1,1,0,0,0,1,distance to attend national conference,1,1,0,1,0,0, ,0,0,0,1,1,0, ,26,1,1,1,0,0,0,0, ,3,3,0,1,0,0,0,0,0,0,0,0,0,0,0,0,0, ,1,French+Spanish,1,French+Spanish,0, , ,4
36,129,4,9,3,3,31,1,4, ,28,1,0,0,0, ,2,1,1,3,2,1,1,2,-1,2,1,2,1,0,1,1,1,1,1,0, ,1,1, ,1,1,1,1,1,0,0, ,0,0,0,1,0,0, ,0,1,0,0,0,0,0,1,0,0, ,1,1,1,1,0,0,1,0,0, ,0,0,0,1,0,0,0, ,1,1,0,0,0,1,0,1,Related conferences,0,1,0,0,0,0, ,1,0,0,0,0,0, ,0,0,0,0,1,0, ,20,2,1,1,0,0,0,1,Language Institution,1,1,0,0,0,0,1,0,0,0,0,0,0,0,0,0,0, ,0, ,0, ,0, , ,1
37,130,4,8,1,5,100,1,5, ,17,1,1,1,0, ,3,1,1,1,1,1,1,2,2,1,2,2,1,1,1,1,0,1,1,0, ,1,1, ,1,1,1,1,0,0,0, ,1,1,1,1,1,0, ,0,1,0,1,0,0,0,1,0,0, ,1,1,1,1,1,0,1,0,0, ,1,0,1,0,0,1,0, ,1,1,1,1,0,1,0,0, ,1,1,0,0,0,0, ,1,0,0,1,0,0, ,1,1,1,1,1,0, ,11,1,0,1,0,0,0,0, ,3,3,0,1,0,0,0,0,0,0,0,0,0,0,0,0,1, ,1, ,1, ,1, , ,3
40,132,3,5,2,2,100,1,5, ,23,1,1,1,1,Videos,3,1,1,2,3,2,1,1,1,3,3,3,1,1,1,1,1,0,0,0, ,1,1, ,1,1,1,0,0,1,0, ,1,0,0,1,1,1,improve cultural competence in my community,1,1,1,1,0,0,0,1,0,0, ,1,1,1,1,1,0,1,0,0, ,0,0,0,1,1,1,1,Lack of language/culture specific resources.,1,0,0,0,1,0,0,0, ,0,1,0,1,0,0, ,0,0,0,0,0,1,Institutional best practice workshops,1,1,1,1,1,1,Anything/Everything!,8,1,0,0,0,0,1,0, ,6-7,6.5,0,1,0,0,0,0,0,0,0,0,0,0,0,0,0, ,0, ,1,Spanish w/ focus on translations & translation studies,0, , ,1
42,134,2,4,2,1,100,1,5, ,16,1,0,0,0, ,4,4,4,2,3,2,1,1,2,1,2,2,1,1,1,1,0,1,0,0, ,1,1, ,1,1,1,1,1,1,0, ,1,0,0,1,0,0, ,0,1,0,1,0,0,0,1,0,0, ,1,0,0,0,0,1,1,0,0, ,1,0,0,0,0,0,0, ,2,0,0,0,0,1,0,0, ,1,1,0,0,0,0, ,1,1,0,1,0,0, ,0,0,1,1,1,0, ,15,2,0,1,1,0,0,1,Online University,03-04,3.5,0,0,0,0,0,0,0,1,1,0,0,0,0,0,0, ,0, ,0, ,0, , ,4
44,136,4,9,2,4,100,4,-2, ,17,1,0,0,0, ,2,3,1,2,-1,1,1,-1,1,-1,-1,-1,1,1,1,1,1,1,1,0, ,1,1, ,2,1,1,0,0,0,0, ,1,1,0,1,1,0, ,0,1,1,0,1,0,1,1,0,0, ,0,1,1,0,0,0,1,1,0, ,0,0,0,0,0,0,1,our college is doing well in this year,2,1,1,1,0,0,0,0, ,1,0,0,0,0,0, ,1,0,0,1,0,0, ,0,0,0,0,0,1,taking university grad level courses,10,2,0,0,0,0,0,0, ,5-6,5.5,0,1,0,0,1,0,0,1,0,0,0,0,0,0,0, ,0, ,0, ,0, , ,3
45,137,3,5,2,4,100,1,5, ,9,1,1,0,0, ,1,1,1,1,1,2,1,1,3,3,1,2,1,0,1,1,1,1,1,0, ,2,1, ,1,1,1,0,0,0,0, ,1,1,1,1,1,1,help working-class students to get a college education,0,1,1,0,0,0,0,1,0,0, ,0,1,0,0,0,0,1,0,0, ,0,0,0,0,1,1,0, ,2,1,1,1,0,1,0,0, ,1,0,0,0,0,0, ,0,0,0,1,0,1,methods courses in grad school,1,1,1,1,1,0, ,10,1,0,1,0,0,0,0, ,2,2,1,0,0,1,1,0,0,0,0,0,0,0,0,0,0, ,0, ,0, ,0, ,"I'm the department chair, and so I oversee the instruction of 13 languages at my community college. That's why I'm full-time but teach only 2 courses per semester. I hope you'll be able to publish the results of this study. Will be fascinating!",4
47,138,4,8,1,5,100,1,5, ,14,1,1,0,0, ,3,3,1,-1,3,3,1,1,3,1,2,3,1,1,0,1,1,0,0,0, ,1,1, ,2,1,1,1,0,0,0, ,1,1,0,1,1,0, ,0,1,1,0,0,0,0,0,0,0, ,1,1,1,1,1,0,1,0,0, ,1,1,1,0,0,1,0, ,1,1,1,0,0,0,0,0, ,0,1,0,0,0,0, ,0,0,0,1,0,0, ,0,1,1,1,1,0, ,4,1,0,1,0,0,0,0, ,4,4,0,1,0,0,0,1,0,0,0,0,0,0,0,0,0, ,0, ,0, ,0, , ,1
48,139,2,4,1,5,100,1,5, ,48,1,1,0,0, ,4,1,2,3,2,2,1,1,2,2,2,2,1,1,1,1,1,0,0,0, ,1,1, ,2,1,1,1,0,1,0, ,1,0,0,1,1,0, ,1,1,1,1,0,0,1,1,0,0, ,1,0,1,1,1,0,0,0,0, ,0,1,0,1,1,0,0, ,2,1,0,1,0,0,1,0, ,0,0,0,0,1,0, ,1,1,1,1,0,0, ,0,0,1,1,1,0, ,3,1,0,0,1,0,0,0, ,1-4,2.5,0,1,0,0,0,0,0,0,1,0,0,0,0,0,0, ,1,Psychology,0, ,0, , ,3
49,140,2,3,3,4,100,1,5, ,25,1,0,0,0, ,4,1,1,2,3,1,1,1,2,1,1,2,1,1,1,1,1,0,0,0, ,1,1, ,1,1,1,1,1,1,0, ,1,1,1,1,1,0, ,1,1,1,0,0,0,1,1,0,1,cultural presentations/discussions,1,1,1,1,0,0,1,0,0, ,0,0,1,1,0,0,0, ,2,1,0,0,0,1,0,0, ,0,1,0,0,0,0, ,0,0,0,1,0,0, ,0,1,0,1,0,0, ,15,1,1,1,1,0,0,0, ,4,4,0,0,0,0,0,1,0,0,0,0,0,0,0,0,0, ,0, ,0, ,0, , ,4
50,141,3,7,2,5,50,1,5, ,23,1,0,0,0, ,4,2,1,3,3,1,1,2,3,1,3,3,0,1,1,1,1,0,0,0, ,2,1, ,1,1,1,1,0,0,0, ,1,1,0,1,1,1,Employment,0,1,0,1,0,0,0,0,0,0, ,0,0,0,0,0,0,1,0,0, ,0,0,0,0,1,1,0, ,1,1,1,1,0,1,0,1,Publishers,1,0,0,0,0,0, ,0,0,0,1,0,0, ,0,0,1,1,0,0, ,6,1,0,1,0,0,0,0, ,5,5,0,0,0,0,1,0,0,0,0,0,0,0,0,0,0, ,0, ,0, ,0, , ,1
51,142,2,3,3,2,40,3,5,communication,12,0,1,0,0, ,2,2,2,2,3,2,1,2,2,2,2,3,0,0,0,0,1,0,1,0, ,2,1, ,1,0,0,1,0,0,0, ,1,0,0,1,1,0, ,0,1,0,0,0,0,0,0,0,1,Structured-Natural Approach KTP 2002,0,0,0,0,0,0,0,0,0, ,0,1,0,0,1,1,0, ,2,1,1,0,0,0,0,0, ,1,1,0,0,0,0, ,1,0,0,1,0,0, ,0,0,1,1,1,0, ,10,1,0,1,1,0,0,0, ,4,4,0,0,0,0,0,0,0,1,0,0,0,0,1,0,0, ,0, ,0, ,0, ,Thank You,3
53,144,2,4,1,5,10,1,5, ,12,1,1,1,0, ,4,4,1,2,1,2,1,1,2,1,2,2,1,1,1,1,1,1,1,0, ,2,1, ,1,0,1,0,0,0,0, ,1,0,0,0,0,0, ,1,1,1,0,0,0,1,1,0,0, ,1,0,0,0,1,0,1,0,0, ,0,0,0,1,1,1,0, ,2,1,1,0,1,0,0,0, ,1,1,0,0,0,0, ,1,1,1,1,0,0, ,1,0,0,1,1,0, ,20,1,0,0,1,0,0,0, ,4 to 5,4.5,1,1,0,0,0,0,0,1,1,0,0,0,0,0,1,Interpreter Training A.A.S,0, ,0, ,0, , ,2
54,145,4,9,1,6,100,1,5, ,18,1,1,1,0, ,3,2,1,2,1,2,1,3,1,1,2,2,0,1,1,1,0,0,0,0, ,1,1, ,2,1,1,1,1,1,0, ,1,0,1,1,0,1,To promote my mother tongue culture in this part of the world.,0,1,0,0,0,0,0,1,0,0, ,0,1,1,1,0,0,0,0,0, ,-1,-1,-1,-1,-1,-1,-1, ,2,1,0,1,0,1,0,0, ,1,1,0,0,0,0,Students should take a foreign language starting in elementary school all the way through high school. This would helo them learn their own language more efficiently.,0,0,0,1,0,1,flex day activities,0,0,0,1,0,0, ,15,1,1,0,0,0,0,1,Canadian airlines/air canada,4,4,0,0,0,0,0,0,0,0,0,0,0,0,0,0,0, ,0, ,1,Translation studies,0, ,"Coming from  Spain, I am a bit frustrated at the lack of English grammatical skills our students enter college, which makes challenging or very difficult to teach a foreign language.",1
56,146,2,4,2,2,100,2,5, ,19,1,1,0,0, ,3,1,1,1,3,2,1,1,3,2,2,2,0,1,1,0,1,1,1,0, ,1,1, ,2,1,1,0,0,0,0, ,1,1,0,1,1,0, ,0,1,0,0,0,0,0,1,0,0, ,1,1,1,1,1,0,1,0,0, ,1,0,0,0,1,1,0, ,1,1,1,1,0,1,0,0, ,1,1,0,0,0,0, ,0,0,0,1,0,1,Applied Linguistic Courses,1,1,1,1,1,0, ,15,1,0,1,0,0,0,0, ,5,5,1,1,0,0,0,0,0,0,0,0,0,0,1,0,0, ,0, ,0, ,0, , ,4
60,149,2,3,2,4,100,1,5, ,8,1,0,0,0, ,3,4,1,2,-1,-1,-1,1,-1,-1,-1,-1,1,1,1,1,1,1,1,1,Travel,2,3,Both,1,1,1,0,0,0,0, ,1,0,0,1,1,0, ,1,1,0,1,0,0,0,1,0,0, ,0,0,1,1,0,0,0,0,0, ,0,0,0,0,1,0,1,Scheduling - meet only one per week - move slowly,3,1,1,0,0,0,0,0, ,0,1,0,1,0,0, ,1,0,0,0,0,0, ,0,0,1,1,1,0, ,15,1,0,0,0,0,1,0, ,8 to 9,8.5,1,0,0,0,0,0,0,0,1,0,0,0,0,0,0, ,1,Spanish Psych Human Dev,0, ,0, , ,2
62,151,2,3,1,3,100,1,5, ,16,1,0,0,0, ,3,4,1,2,3,2,1,1,3,3,2,2,1,0,0,1,0,0,0,0, ,1,1, ,1,1,1,1,1,1,1,All-Iam the only instructor,1,0,0,1,1,0, ,0,1,0,0,0,0,0,0,0,0, ,1,1,1,1,1,0,1,0,0, ,1,0,1,0,1,0,0, ,2,1,1,0,0,1,0,0, ,1,1,0,0,0,0, ,1,1,0,0,0,0, ,0,0,0,1,0,0, ,4,1,1,1,1,0,0,0, ,7,7,1,0,0,0,0,0,0,1,0,0,0,0,0,0,0, ,1,BA Spanish,1,MA Spanish (combinedlit/ling program),0, , ,3
63,152,4,9,3,2,40,1,5, ,24,1,1,1,0, ,3,1,1,3,3,3,1,1,1,3,1,1,1,1,1,1,1,1,1,1,"They say ""Fondness for the language""",2,1, ,2,1,1,0,0,0,0, ,1,1,0,1,1,0, ,1,1,1,0,0,0,1,1,0,0, ,1,1,1,1,1,1,1,1,1,Health problems+family dysfunction,0,0,1,0,0,1,1,Not enough faculty to support the (?) so I have to do everything.,1,1,1,1,1,1,1,0, ,1,0,0,0,0,0, ,0,0,0,1,0,1,Teacher training in university T.A. program,1,1,1,1,1,1,Traing in task-based learning,23,1,1,1,1,0,0,0, ,3,3,0,1,0,0,0,1,0,0,0,0,0,0,0,0,0, ,0, ,0, ,0, , ,4
67,153,4,9,2,3,70,1,5, ,13,1,1,1,0, ,4,1,1,3,3,2,2,1,2,2,2,2,1,1,1,1,0,0,1,1,As a hobby,2,1, ,2,1,0,0,0,0,0, ,1,0,0,1,1,0, ,0,1,1,0,0,0,0,0,0,0, ,1,1,0,0,1,0,1,0,0, ,0,0,0,1,0,0,1,Lack of job security,2,1,1,0,0,1,0,0, ,1,1,1,0,0,0, ,1,0,0,1,0,0, ,0,0,0,1,0,0, ,5,2,1,1,0,0,0,0, ,2 per quarter,2,0,1,0,0,0,0,0,0,1,0,0,0,0,0,0, ,1,Cross-cultural Studies,0, ,0, , ,2
71,156,4,9,3,1,100,2,2, ,18,1,1,1,0, ,4,2,1,1,1,2,1,1,-1,1,1,1,1,1,1,1,1,1,0,0, ,2,1, ,2,1,1,0,1,0,0, ,1,1,0,1,1,0, ,0,1,0,1,0,0,0,1,0,0, ,1,1,0,1,1,0,1,1,0, ,1,0,1,0,0,0,1,Lack of communication with adjunct faculty,1,1,1,1,0,1,1,0, ,1,1,0,0,0,0, ,0,0,0,1,0,0, ,0,1,1,1,1,0, ,17,1,0,1,1,1,0,0, ,4,4,0,1,0,1,1,0,1,0,0,0,0,0,0,0,0, ,0, ,0, ,0, ,I would like to be informed of the results of these surveys.,1
72,157,3,5,3,4,100,1,4,culture,22,1,1,0,1,Exteriorsources for research,4,3,1,1,1,1,1,2,2,1,2,2,0,1,1,0,1,0,0,0, ,2,1, ,1,1,1,0,0,0,0, ,1,1,0,1,1,0, ,1,1,1,0,0,0,1,1,0,0, ,1,0,0,0,0,0,0,0,0, ,0,0,0,0,0,0,1,enrollmenténumber of classes,2,1,0,1,1,0,0,0, ,0,0,0,1,0,0, ,1,1,0,0,0,0, ,1,0,0,0,0,0, ,4.5,2,0,0,1,1,0,0, ,3,3,0,0,0,0,1,0,0,0,1,0,0,1,0,0,0, ,0, ,0, ,0, ,I love my work.,3
76,158,3,7,1,6,100,1,5, ,19,1,1,1,0, ,2,4,1,2,3,1,1,2,2,3,3,3,1,0,0,1,0,0,0,0, ,1,1, ,1,1,1,0,0,1,0, ,1,0,0,1,1,0, ,1,1,1,1,0,0,0,1,0,0, ,1,1,0,1,1,0,1,0,0, ,0,0,0,0,0,1,0, ,2,1,0,0,0,0,0,0, ,0,1,0,1,0,0, ,0,0,0,1,0,0, ,1,1,1,0,1,0, ,9,1,0,1,1,0,0,0, ,6,6,1,1,0,0,1,0,0,0,0,0,0,0,1,0,0, ,0, ,0, ,0, ,A major factor for langauge courses in our district is an immense increase in dual -credit/Early college High School students. At my college they make up our 50% of Spanish enrollment.,3
79,159,1,2,2,4,100,1,5, ,-1,1,0,0,0, ,3,1,1,2,1,2,1,1,2,2,2,2,0,1,1,1,1,0,0,0, ,1,1, ,1,1,1,0,0,0,0, ,1,1,0,1,0,0, ,1,1,0,0,0,0,0,0,0,0, ,1,1,1,1,1,0,1,0,0, ,1,0,0,1,1,1,0, ,2,1,1,1,0,0,0,0, ,0,1,0,1,0,0, ,0,1,0,1,0,0, ,1,1,0,0,1,0, ,25,1,1,1,0,0,0,0, ,5,5,1,1,0,1,1,0,0,1,0,0,0,0,0,0,1,Humanities,0, ,0, ,0, ,"Don't really understand #27. as Spanish coordinator study abroad, I spend more than 10 hours working on non teaching related items. Many students have stopped attending after the midterm grades were entered.",3
82,160,3,5,2,2,100,1,5, ,22,1,0,0,0, ,4,1,1,2,3,1,1,1,1,1,2,2,1,1,0,1,0,0,0,0, ,1,1, ,1,1,1,1,0,1,0, ,1,0,0,1,0,0, ,0,1,0,1,0,0,0,0,0,0, ,1,0,1,1,0,0,1,0,1,purpose is for credit only,0,0,0,0,0,0,1,student have no interest,1,1,1,1,0,1,1,0, ,0,1,0,0,0,0, ,1,0,0,0,0,0, ,0,1,1,1,0,0, ,12,1,1,1,0,0,0,0, ,5,5,0,0,0,0,0,1,0,0,0,0,0,0,0,0,0, ,0, ,0, ,0, ,Some administrators are saying that Foreign Languages are an impediment to student graduation rates. This is not true.,1
83,161,3,5,1,5,100,1,5, ,15,1,1,0,1, ,4,1,1,1,1,-1,1,2,2,1,2,2,1,1,1,1,1,1,1,0, ,1,1, ,2,1,1,1,1,0,0, ,1,0,0,1,1,0, ,0,1,1,1,1,0,1,1,0,0, ,1,1,1,1,0,0,1,0,0, ,0,0,0,0,0,1,0, ,1,1,1,1,0,1,0,0, ,1,1,0,0,0,0, ,1,0,0,1,0,1,MA-Spanish,0,0,1,1,0,0, ,8,1,0,0,0,0,1,0, ,4  classes + 4 labs,4,0,1,0,1,1,0,0,0,0,0,0,0,0,0,0, ,0, ,0, ,0, , ,3
84,162,4,9,2,2,100,1,5, ,21,1,0,0,0, ,3,4,1,1,1,1,1,1,2,2,2,2,0,1,1,1,1,1,1,1,travel,2,1, ,1,1,1,0,0,0,0, ,1,0,0,1,1,0, ,1,1,0,1,0,0,1,1,0,0, ,1,1,1,0,1,0,1,0,0, ,1,1,0,1,0,0,0, ,2,1,0,1,0,0,0,0, ,0,1,0,0,0,0, ,0,1,0,0,0,0, ,1,1,1,1,0,0, ,9,2,0,0,1,0,0,1,Adult school,7-8,7.5,0,1,0,1,1,0,0,0,0,0,0,0,0,0,0, ,0, ,0, ,0, , ,4
91,165,1,2,2,4,40,1,5, ,20,1,0,0,0, ,3,2,-1,3,-1,1,1,1,-1,-1,-1,1,1,0,1,1,1,1,0,0, ,2,1, ,1,1,1,1,1,1,0, ,1,0,0,1,1,0, ,0,1,0,0,0,0,0,1,0,1,Socio-constructivist method,1,0,0,0,0,0,0,1,0, ,-1,-1,-1,-1,-1,-1,-1, ,2,-1,-1,-1,-1,-1,-1,-1, ,1,0,0,0,0,0, ,1,1,0,0,0,0, ,0,1,0,1,0,0, ,2,2,0,1,1,0,0,0, ,5,5,0,0,0,1,0,0,0,0,1,0,0,0,0,0,0, ,0, ,0, ,0, ,I am very intersted in your research.,4
93,166,4,9,1,4,100,1,5, ,14,1,0,0,0, ,2,1,1,3,3,1,1,1,2,2,1,2,1,1,1,1,1,1,1,0, ,1,1, ,2,0,0,0,0,1,0, ,1,0,0,1,1,0, ,1,1,0,1,0,0,0,1,1,1,A combination,1,1,1,0,1,0,1,0,0, ,0,1,1,0,0,1,0, ,1,1,0,0,0,1,0,0, ,1,1,0,0,0,0, ,0,0,0,0,1,0, ,1,1,1,1,1,0, ,16.5,1,1,1,0,0,0,1,one conversational adult-educ. Cass at the other comm college,4-5,4.5,0,0,0,0,0,0,0,0,0,0,0,0,0,0,0, ,0, ,1,MA Spanish lang./lit,0, ,Please send me the results/report when completed if possible. Would I be able to use/qupte info. For my dossier with permission? When are the results expected to be completed? Thanks.,3
96,168,3,5,3,2,100,1,2, ,6,1,1,0,0, ,4,1,1,2,1,1,1,1,1,2,2,2,1,0,1,0,1,1,0,0, ,2,1, ,2,1,1,0,0,0,0, ,1,0,0,1,1,0, ,0,1,0,1,0,0,0,1,0,0, ,0,0,0,0,1,0,1,0,0, ,1,0,0,0,0,1,0, ,1,1,1,1,1,1,0,0, ,0,0,0,0,1,0, ,1,1,0,1,0,1,MAT: Degree in Foreign Language Teaching,1,1,1,1,1,0, ,2,1,0,1,1,0,0,0, ,5 course,5,1,0,0,0,0,0,0,0,1,0,0,1,0,1,0, ,1,PSYCHOLOGY,1,SPANISH LINGUISTICS,0, , ,1
98,169,4,8,1,5,40,1,5, ,6,1,0,0,0, ,3,2,1,3,1,1,1,1,2,1,2,2,1,1,1,1,1,0,0,0, ,1,1, ,1,1,1,1,0,0,0, ,1,1,1,1,1,0, ,1,1,1,1,0,0,0,0,0,0, ,1,1,1,1,1,0,1,1,0, ,0,0,0,0,0,0,1,language study is not a requirement for their major,3,1,1,1,1,1,1,0, ,1,0,0,0,0,0, ,0,1,0,1,0,0, ,0,0,1,1,1,0, ,24,1,0,0,1,0,0,0, ,5,5,0,1,0,0,0,0,0,0,0,0,0,0,0,0,0, ,1,Spanish,1,French,0, , ,4
99,170,4,9,2,4,-1,1,5, ,27,1,1,0,0, ,4,4,3,1,-1,1,1,3,2,2,2,2,1,1,0,1,1,0,0,0, ,2,1, ,2,1,1,1,1,1,0, ,1,1,0,1,1,1,Share my culture and language,0,1,1,0,0,0,0,1,0,0, ,1,1,1,1,0,0,1,0,0, ,1,1,1,0,0,0,0, ,1,1,1,0,1,1,1,0, ,1,1,0,1,0,0, ,1,0,0,0,0,1,Master Degree Spanish ATS,0,1,1,1,1,0, ,7,2,1,1,1,0,0,1,Parent liason workshops at elementary schools,1-3 classes,2,0,1,0,0,0,0,0,0,0,0,0,0,0,0,1, ,1, ,1, ,0, ,Thank you to do this research.I would to be inform about the results and also to participate.,1
101,171,3,5,2,4,40,1,5, ,7,1,1,0,0, ,3,1,1,3,3,1,1,2,2,3,3,3,0,0,0,1,0,0,0,0, ,1,1, ,1,1,1,1,0,0,0, ,1,0,0,1,1,1,I grew up in a (Belgium) multilingual society,0,1,0,0,0,0,0,0,1,0, ,0,1,0,1,0,0,1,0,1,"FL is one of many humanities choices, so not always required",1,0,0,0,0,0,1,"Students taking only one semester of FL, or a lot of time between semesters",1,1,1,0,0,1,0,1,publishers,0,1,0,0,0,1,Finding substitute teachers for my classes,1,1,0,0,0,1,MA in FL/M.Ed. In TESL,1,0,0,0,0,0, ,15,1,0,0,1,1,0,0, ,4,4,1,0,0,0,1,0,0,0,1,0,0,0,0,0,0, ,0, ,1,Philology (combination of linguistics + literature),0, ,"Another big instituational dificulty is to find qualified adjunct teachers. I also teach ESL, and have taught Russian/MY FIRST ma)",3
106,173,4,9,2,2,100,1,4,culture,19,1,1,0,0, ,4,2,1,1,1,1,1,1,1,1,1,1,1,1,1,1,0,1,1,0, ,1,3,Both,2,1,1,0,0,0,1,Cultural Presentations,1,0,0,1,1,1,I love it !,1,1,1,1,0,0,1,0,0,1,Direct Inductive,0,1,1,0,1,0,0,0,1,intimidated by heritage speakers choosing to enroll in basic levels.,1,0,1,1,0,0,1,Native Speakers in all industries interested in improving education,1,1,1,1,0,0,0,0, ,0,0,0,0,0,1,"Teaching calendar, Division doesn't support getting subs.",1,0,1,1,0,0, ,0,1,1,1,1,1,"The Avatar, Masters & wizard courses.",23,1,1,1,0,0,0,0, ,3,3,-1,1,0,0,0,0,0,0,0,1,0,1,1,0,0, ,0, ,0, ,0, ,Please enjoy the Avatar compassion cards I've inserted in the return envelope!,1
107,174,2,3,2,3,100,1,5, ,19,1,0,0,0, ,3,1,1,1,3,2,1,1,2,1,2,2,1,1,0,1,1,0,0,0, ,1,1, ,1,1,1,0,0,1,0, ,1,0,0,1,0,1,Love Spanish language and culture,1,1,0,0,0,0,0,0,0,0, ,0,1,1,0,0,0,1,0,0, ,0,1,1,0,0,0,1,Not enough meeting time for adjuncts,2,0,0,1,0,0,0,0, ,1,1,0,0,0,0, ,1,1,0,1,0,0, ,0,1,1,1,0,0, ,5,2,0,0,1,0,0,0, ,5,5,0,0,0,0,0,0,0,0,1,0,0,0,0,0,0, ,0, ,1,Edu. Leadrship,0, ,I like the intrest you have.. Curious to know what will be done with data,4
108,175,4,9,2,4,-1,1,5, ,15,1,1,1,0, ,2,3,3,2,1,-1,1,1,-1,1,-1,-1,1,1,1,1,0,0,0,0, ,1,3,I do both,1,0,1,0,0,1,0, ,1,1,0,1,1,0, ,1,1,1,1,0,0,0,0,0,0, ,1,0,1,1,0,0,1,0,0, ,1,1,0,0,0,0,0, ,2,1,1,1,1,0,0,0, ,0,1,0,0,0,0, ,1,0,0,0,0,0, ,0,0,0,0,1,0, ,17,1,1,0,1,0,0,0, ,3,3,1,0,0,0,1,0,0,0,1,0,0,0,0,0,0, ,0, ,0, ,0, , ,1
110,176,3,7,2,1,100,1,5, ,16,1,0,0,0, ,3,1,1,1,1,1,1,1,2,1,2,1,1,0,1,1,0,0,0,0, ,2,1, ,1,1,1,0,0,1,0, ,1,0,0,1,0,1,Improve spanish language to local hispanics,0,1,0,0,0,0,0,1,0,0, ,0,1,1,1,1,0,1,1,0, ,1,1,1,1,0,1,1,States dictating that foreign language are not important enough to study and be included in the core curriculum.,3,1,0,0,0,1,0,0, ,0,1,0,0,0,0, ,1,1,1,1,0,1,Professional development in Spanish speaking countries study abroad faculty lead,1,1,1,1,1,0, ,17,1,0,0,1,0,0,0, ,4,4,0,0,0,1,0,0,0,0,1,0,0,0,1,0,0, ,1,Spanish,0, ,0, ,"A  study should be made about what purpose state senators and representatives, have in deleting foreign languages from core curriculums.",1
111,177,4,9,2,6,10,2,5, ,24,1,0,0,0, ,4,4,4,3,1,2,2,3,3,3,3,1,1,0,1,1,0,1,1,0, ,1,1, ,1,1,1,0,0,0,0, ,1,0,0,1,1,0, ,0,1,1,0,1,0,1,1,0,0, ,0,1,1,0,0,0,1,0,0, ,0,0,0,1,0,0,0, ,2,1,1,0,0,1,1,0, ,0,1,0,0,0,0, ,1,0,0,0,0,0, ,0,0,0,1,1,0, ,17,1,1,1,1,0,0,0, ,5,5,0,1,0,0,0,0,0,0,1,0,0,1,0,0,0, ,0, ,0, ,0, , ,2
113,178,2,3,2,5,100,2,5, ,10,1,0,0,0, ,3,1,1,2,1,1,1,1,1,3,1,3,1,1,1,0,1,0,0,0, ,2,1, ,2,1,1,0,0,0,0, ,1,1,0,1,1,1,"In the words of Swith and Corvill to help students ""be a blessing as a stranger and practice hospitality to the stranger."" See The Gift of the Strangers by David Swith and Barbara Corvill.",0,1,1,1,0,0,1,1,1,1,Eclectic - many methods,1,1,1,1,1,0,1,0,0, ,0,0,0,0,1,1,1,Time needed for department chair's responsibilities including assessment and overright of language courses in two different dual credit programs with high schools throughout the stake of Indiana.,1,1,1,1,0,0,0,0, ,1,1,0,0,0,0, ,1,1,0,1,0,1,Course for teaching assistants during graduate school,1,1,1,1,1,0, ,23.5,1,0,1,0,0,0,1,At a pre-K through 12th grade private Christian school overseas,Typically 4 courses (four different preparations),4,-1,1,0,0,1,0,0,1,0,0,0,0,0,0,0, ,0, ,0, ,0, ,"There are seven adjunct instructors, w ho teach various amount of face-to-face and distance course in our department. Dealing with the administration of two level credit programs with language courses through Indiana is also very challenging.",2
115,180,3,5,1,4,10,9,5, ,50,1,0,0,0, ,4,1,1,2,2,2,1,2,2,2,2,2,1,1,1,1,0,0,1,0, ,1,3,communication conversational skills,1,1,1,0,0,1,0, ,0,0,0,1,0,1,Desire to impart cultural understanding,0,1,0,0,1,0,0,0,0,0, ,0,0,0,1,0,0,1,0,1,Difficulty with using their visual sense not their auditory sense.,0,0,0,0,0,0,1, ,2,0,0,0,0,1,0,0, ,1,1,0,0,0,0, ,1,1,1,1,0,0, ,0,0,1,1,0,0, ,5,2,1,1,1,0,0,1, ,2-3 classes,2.5,0,0,0,1,1,0,0,0,1,0,0,0,1,0,0, ,1,Visual Arts,0, ,0, ,Thank you for your research and work to enhance language learning for community colleges.,1
117,182,1,1,1,5,100,1,5, ,7,1,0,0,0, ,3,4,1,3,3,2,2,2,3,3,2,2,1,0,0,1,0,1,1,0, ,1,1, ,1,0,1,0,0,0,0, ,1,0,0,1,1,0, ,0,1,0,1,0,0,0,0,0,0, ,1,1,1,1,1,0,1,0,0, ,1,0,0,0,1,0,0, ,2,1,0,0,0,1,0,0, ,1,0,1,0,0,0,I go to ccv annual fac. Develop. Retreat.,1,0,0,0,0,0, ,0,0,1,1,0,0, ,3,2,0,1,0,0,0,0, ,4,4,0,0,0,0,0,0,0,0,0,0,0,0,0,0,0, ,1,Lib Arts,1,Span Midd. College Spanish School,0, , ,1
118,183,4,9,1,4,70,1,5, ,28,1,1,0,0, ,4,4,1,3,2,2,1,1,2,2,2,2,1,1,1,1,1,1,1,1,Interested in Japanese anime and culture.,1,1, ,1,1,1,0,0,1,0, ,1,0,0,1,1,0, ,0,1,0,1,0,0,0,1,0,0, ,0,0,0,0,1,0,1,0,0, ,1,0,0,1,0,1,0, ,1,1,1,1,0,0,0,0, ,0,1,0,0,0,0, ,1,0,1,1,0,1,MA in Asian Studies,1,0,1,1,1,0, ,25,1,1,1,0,1,0,0, ,3,3,0,0,0,0,1,0,0,1,0,0,0,0,1,0,0, ,0, ,1,Asian History Art History,0, ,I attend local workshops and conferences regularly. But I wish I could attend ACTFL conference. It costs too much.,2
120,184,4,9,2,2,100,1,5, ,27,1,0,0,0, ,4,1,1,1,1,3,1,2,2,2,2,2,1,1,1,1,0,1,0,0, ,1,1, ,1,1,0,0,0,0,0, ,1,0,0,1,0,0, ,0,1,0,0,0,0,0,0,0,1,TPRS,0,0,0,0,1,0,1,1,0, ,1,0,1,0,0,1,0, ,1,1,1,1,0,1,0,0, ,0,1,0,0,0,0, ,0,0,0,1,0,1,TA Practicum,0,1,0,1,1,0, ,12,1,1,1,0,0,0,0, ,4,4,0,1,0,0,1,0,0,0,0,0,0,0,0,0,0, ,1,French,0, ,0, ,I love teaching Spanish and wish that students had the option to start learning any language at the elementary school level. I hope language education moves away from being so grammar focused.,2
122,186,4,9,1,1,100,1,4,culture,25,1,0,0,0, ,3,4,3,2,1,1,1,1,2,3,3,3,0,1,0,0,0,0,0,0, ,1,1, ,1,1,1,0,0,0,0, ,1,1,1,1,1,0, ,1,1,1,1,1,1,1,1,0,1,simulations,0,0,0,0,1,0,1,0,0, ,1,1,0,1,0,0,0, ,1,1,1,0,0,1,1,0, ,1,1,0,0,0,0, ,1,0,0,1,0,1,PH.D,1,1,1,1,1,0, ,31,1,1,1,0,0,0,1,Universities Graduate Schools,-1,-1,0,1,0,0,0,1,0,0,0,0,0,0,0,0,0, ,0, ,0, ,0, ,I would like to receive the results of this survey.,1
124,187,4,9,3,1,50,1,5, ,22,1,0,0,0, ,2,2,1,3,2,1,1,2,2,2,2,2,0,0,1,1,1,1,1,1,move to Germany,2,1, ,1,1,1,0,0,0,0, ,0,0,0,0,1,0, ,1,1,0,1,0,0,0,0,0,0, ,1,0,0,0,1,0,1,0,0, ,0,0,0,1,0,0,0, ,2,1,1,1,0,0,1,0, ,1,0,0,0,0,0, ,0,0,0,0,1,0, ,0,1,0,0,0,0, ,14,2,0,1,0,0,0,0, ,3-4,3.5,0,0,0,0,0,0,0,0,0,0,0,0,0,0,0, ,0, ,1,German (MA) English (MA),0, , ,3
125,188,1,2,1,5,40,1,4,Examples of Quebec French,11,1,1,1,1,Popular music,4,4,3,-1,3,1,1,1,2,1,2,-1,1,1,0,1,0,1,0,0, ,1,3,Both,1,1,1,1,1,0,0, ,1,0,0,1,1,1,Pop music sharing,1,1,0,1,1,0,1,1,0,0, ,0,0,0,0,1,0,1,0,1,No requirement,1,0,1,0,0,0,1,No requirement,1,1,1,1,0,1,1,0, ,0,1,0,0,0,0, ,1,1,1,1,0,1,Foreign student immersion,1,0,1,1,0,0, ,12,2,0,1,1,1,0,0, ,-1,-1,0,0,0,1,0,0,0,1,1,0,0,0,0,0,0, ,0, ,0, ,0, ,We need language requirements students only take language because they have to. But we need bilingual Americans.,2
126,189,3,5,1,6,100,1,5, ,9,1,1,0,0, ,3,3,1,2,3,2,1,1,3,3,3,2,1,1,1,1,1,1,1,0, ,1,1, ,1,1,1,0,0,0,0, ,1,1,0,1,1,1,Interest in culture of spanish speaking peoples,0,1,0,1,0,0,0,1,0,0, ,1,1,1,1,1,1,1,1,0, ,1,1,0,0,0,1,0, ,4,-2,-2,-2,-2,-2,-2,-2, ,1,1,0,1,0,1,often webinars that I could attend are scheduled during my class times in the afternoon,0,0,0,0,0,1,Methods class in Grad School,1,1,1,1,1,0, ,9,1,1,1,0,0,0,0, ,5 courses,5,0,0,0,1,1,0,0,0,0,0,0,0,0,0,0, ,0, ,0, ,0, , ,1
127,190,2,3,2,2,100,1,5, ,-1,1,0,0,0, ,1,1,1,2,3,2,1,3,3,3,3,3,0,1,1,1,1,1,1,0, ,1,1, ,1,1,1,0,0,1,0, ,0,0,0,1,1,1,"Desperate need, I was begged to come out of retirement!",0,1,0,1,0,0,0,0,1,1,Everything that works! Don't know the names.,0,1,1,0,1,1,1,1,1,Very complicated life circumstances.,1,0,1,0,0,0,1,Excessive dropouts,4,-2,-2,-2,-2,-2,-2,-2, ,0,0,0,0,1,0, ,1,0,0,1,0,1,20+ years of experience,-1,-1,-1,-1,-1,-1, ,1.5,2,0,1,1,0,0,0, ,"Because I am ""retired,"" two currently is the most.",2,0,0,0,0,1,0,0,1,0,0,0,0,0,0,0, ,0, ,0, ,1,All coursework (comps + dissertation), ,2
129,191,1,1,1,1,100,1,5, ,7,1,1,1,1,Interview native speakers,3,2,1,1,2,1,1,2,3,2,2,2,1,1,1,1,1,1,1,0, ,1,1, ,1,1,1,0,0,0,0, ,1,1,1,1,1,1,Passion for linguistics,0,1,1,1,0,0,0,1,0,0, ,0,1,0,0,0,0,1,1,0, ,0,0,0,0,1,1,1,Institutional instability,1,0,0,0,0,1,0,0, ,1,1,0,0,0,0, ,1,0,0,1,0,0, ,1,1,1,1,1,0, ,9,1,0,1,0,0,0,0, ,5,5,0,0,0,1,0,0,0,0,1,0,0,0,1,1,0, ,0, ,0, ,0, , ,1
132,192,3,7,1,5,100,1,5, ,60,1,0,0,0, ,4,1,2,2,3,2,1,1,3,1,3,2,0,1,0,0,1,0,0,0, ,1,1, ,2,1,1,1,0,0,0, ,1,0,0,1,1,0, ,0,0,0,0,0,0,0,0,1,0, ,1,1,1,1,1,0,0,0,0, ,0,0,0,0,0,1,0, ,2,1,1,0,0,1,0,0, ,1,0,0,0,0,0, ,1,1,0,1,0,0, ,1,1,1,1,1,0, ,8,1,1,1,1,0,0,0, ,4,4,0,1,0,0,1,0,0,0,0,0,0,0,1,0,0, ,0, ,0, ,0, ,Thank you.,2
133,193,4,9,2,1,100,1,5, ,21,1,0,0,0, ,4,1,1,1,2,2,1,1,2,2,2,2,1,0,0,1,0,1,0,0, ,1,1, ,2,0,1,0,0,0,0, ,1,1,0,1,1,0, ,0,1,0,0,0,0,0,0,0,0, ,0,1,0,0,1,0,1,0,0, ,1,0,0,1,0,0,0, ,1,1,0,0,0,1,0,0, ,1,0,0,1,0,0, ,0,0,0,0,0,1,M.A,1,0,0,0,0,0, ,12,1,1,1,0,0,0,0, ,3,3,0,1,0,0,1,0,0,0,0,0,0,0,0,0,0, ,0, ,0, ,0, , ,1
135,194,3,5,1,5,100,1,5, ,23,1,0,0,0, ,4,1,1,1,3,2,1,1,1,1,3,3,1,1,1,1,0,0,0,0, ,1,1, ,2,1,1,0,0,1,0, ,1,1,0,1,1,0, ,0,1,0,1,0,0,1,1,0,0, ,0,1,1,0,1,0,1,0,0, ,0,0,0,0,1,1,1,100% Online courses,1,1,0,0,0,1,1,0, ,0,1,0,0,0,0, ,0,1,0,1,0,0, ,0,1,1,1,1,0, ,13,1,1,1,1,0,0,0, ,6 to 7 a semester,6.5,1,0,0,1,1,0,0,0,0,0,0,1,0,0,0, ,0, ,0, ,0, , ,1
137,195,3,7,3,1,100,1,5, ,23,1,0,0,0, ,4,1,1,1,3,2,1,2,3,3,3,2,1,0,1,1,0,1,1,0, ,2,1, ,2,1,1,1,0,1,0, ,1,1,0,1,1,0, ,0,1,0,0,0,0,0,0,0,0, ,1,1,1,1,1,1,1,1,0, ,0,0,1,1,1,0,0, ,3,1,1,0,0,0,0,0, ,1,1,0,0,0,0, ,0,0,0,1,0,0, ,1,1,1,1,1,0, ,3,2,1,1,0,0,0,0, ,2-3,2.5,0,1,0,1,1,1,0,0,0,0,0,0,0,0,0, ,0, ,0, ,0, , ,3
138,196,3,7,1,5,100,1,2, ,26,1,1,1,0, ,3,3,1,1,2,2,2,2,3,1,2,2,1,1,1,1,1,1,1,1,interest in the cultures,1,1, ,2,1,1,0,0,1,0, ,1,1,0,1,1,0, ,0,1,0,1,0,0,1,0,0,0, ,1,1,0,0,0,0,1,0,0, ,1,0,1,1,0,0,0, ,3,1,1,0,0,1,0,0, ,0,1,0,0,0,1,I'm fairly new to the field.,0,0,0,0,1,0, ,1,1,1,1,1,0, ,2,1,0,0,0,0,1,0, ,4,4,0,0,0,0,1,0,0,0,0,0,0,0,1,0,0, ,0, ,0, ,0, , ,4
140,197,3,7,1,6,100,1,5, ,10,1,0,0,0, ,4,3,2,2,3,2,1,1,2,2,2,2,1,1,0,1,1,1,0,0, ,2,1, ,1,1,1,1,1,0,0, ,1,0,0,1,1,0, ,0,1,0,0,0,0,0,1,0,0, ,0,0,1,1,0,0,1,1,0, ,1,0,0,0,1,0,0, ,2,1,1,0,0,0,0,0, ,0,1,0,0,0,0, ,1,0,0,1,0,0, ,0,1,0,1,0,0, ,13,1,0,0,0,0,0,1,Military Defense Language,3,3,0,0,0,0,0,0,0,0,1,0,0,0,1,0,0, ,0, ,0, ,0, , ,1
141,198,4,8,3,4,100,1,5, ,11,1,0,0,0, ,3,1,1,2,3,1,1,3,3,3,3,3,1,0,0,1,0,0,0,0, ,1,1, ,2,1,1,0,0,0,0, ,1,1,1,1,0,0, ,0,1,1,0,0,0,0,0,1,0, ,1,1,1,0,1,0,0,0,0, ,1,1,0,0,0,0,0, ,2,1,0,0,0,0,1,0, ,1,1,0,0,0,0, ,0,0,0,1,0,0, ,0,1,1,1,1,0, ,8,2,1,1,1,0,0,0, ,2,2,0,1,0,0,1,0,0,0,0,0,0,0,0,0,0, ,1,Foreign Languages,0, ,0, , ,2
144,199,4,8,3,1,40,1,5, ,19,1,1,1,1,Canvas-LMS,3,1,1,3,3,1,1,1,2,1,1,2,1,0,1,1,1,0,0,0, ,1,1, ,1,1,1,0,0,0,0, ,1,1,0,1,1,0, ,1,1,1,0,0,0,0,1,0,0, ,0,0,0,0,1,0,1,0,0, ,0,0,1,0,1,0,0, ,2,1,1,0,0,0,0,0, ,0,0,0,0,1,0, ,1,0,0,0,0,0, ,0,1,1,1,0,0, ,15,1,0,1,0,0,0,0, ,6,6,0,0,0,1,1,1,0,0,0,0,0,0,0,0,0, ,1,History & French,1,French,0, , ,3
145,200,3,7,1,5,100,1,5, ,14,1,0,1,0, ,4,1,1,1,1,1,1,1,2,1,2,1,1,1,1,1,1,1,1,0, ,1,1, ,1,1,1,0,0,0,0, ,1,1,0,1,1,1,encourage learning about culture and travel,0,1,1,0,0,0,1,1,0,0, ,0,0,0,0,1,0,1,0,0, ,0,0,1,0,0,0,0, ,2,0,1,0,0,0,0,0, ,0,1,0,0,0,0, ,0,1,0,1,0,0, ,1,1,1,1,1,1,training in teaching native and non native speaker together,2,1,0,1,1,0,0,0, ,5,5,0,0,0,1,0,1,0,0,0,0,0,0,0,0,0, ,0, ,1,Spanish-broad based,0, ,"I have to teach an Internet class for the 1st time next semester, I prefer to teach through interaction, examples, questioning without using the students' native language. I don't know how this will be accomplished online. I am not sure how to address the needs of native speakers.",4
147,201,2,3,2,2,70,1,5, ,19,1,1,0,0, ,3,4,4,3,1,1,1,2,2,1,1,1,0,1,1,1,1,0,0,0, ,2,1, ,1,1,0,0,0,0,0, ,1,0,0,1,1,0, ,0,1,1,1,1,0,1,1,0,0, ,0,1,1,0,0,0,0,0,0, ,1,1,0,1,0,0,0, ,3,0,0,0,0,1,0,0, ,1,1,0,0,0,0, ,0,0,0,0,1,0, ,0,0,1,1,0,0, ,2,2,0,0,0,0,1,0, ,1,1,1,0,0,0,0,0,0,0,0,0,0,0,0,0,0, ,0, ,1,counseling,0, , ,1
